timestamp,bpm,rr_ms
2025-11-16 07:00:01.771720,148,400
2025-11-16 07:00:02.771720,141,437
2025-11-16 07:00:03.771720,164,357
2025-11-16 07:00:04.771720,177,330
2025-11-16 07:00:05.771720,111,550
2025-11-16 07:00:06.771720,134,433
2025-11-16 07:00:07.771720,138,443
2025-11-16 07:00:08.771720,150,388
2025-11-16 07:00:09.771720,156,389
2025-11-16 07:00:10.771720,108,547
2025-11-16 07:00:11.771720,155,389
2025-11-16 07:00:12.771720,136,452
2025-11-16 07:00:13.771720,137,443
2025-11-16 07:00:14.771720,146,409
2025-11-16 07:00:15.771720,157,365
2025-11-16 07:00:16.771720,164,360
2025-11-16 07:00:17.771720,172,342
2025-11-16 07:00:18.771720,146,417
2025-11-16 07:00:19.771720,124,516
2025-11-16 07:00:20.771720,145,417
2025-11-16 07:00:21.771720,134,437
2025-11-16 07:00:22.771720,124,490
2025-11-16 07:00:23.771720,141,420
2025-11-16 07:00:24.771720,125,493
2025-11-16 07:00:25.771720,162,386
2025-11-16 07:00:26.771720,163,368
2025-11-16 07:00:27.771720,153,383
2025-11-16 07:00:28.771720,131,455
2025-11-16 07:00:29.771720,134,462
2025-11-16 07:00:30.771720,152,408
2025-11-16 07:00:31.771720,115,490
2025-11-16 07:00:32.771720,108,572
2025-11-16 07:00:33.771720,160,358
2025-11-16 07:00:34.771720,149,394
2025-11-16 07:00:35.771720,124,506
2025-11-16 07:00:36.771720,105,573
2025-11-16 07:00:37.771720,126,465
2025-11-16 07:00:38.771720,122,503
2025-11-16 07:00:39.771720,137,437
2025-11-16 07:00:40.771720,147,417
2025-11-16 07:00:41.771720,79,759
2025-11-16 07:00:42.771720,166,357
2025-11-16 07:00:43.771720,123,464
2025-11-16 07:00:44.771720,152,397
2025-11-16 07:00:45.771720,165,368
2025-11-16 07:00:46.771720,118,502
2025-11-16 07:00:47.771720,128,471
2025-11-16 07:00:48.771720,130,473
2025-11-16 07:00:49.771720,115,513
2025-11-16 07:00:50.771720,148,391
2025-11-16 07:00:51.771720,125,488
2025-11-16 07:00:52.771720,154,390
2025-11-16 07:00:53.771720,137,441
2025-11-16 07:00:54.771720,140,455
2025-11-16 07:00:55.771720,143,421
2025-11-16 07:00:56.771720,163,384
2025-11-16 07:00:57.771720,148,413
2025-11-16 07:00:58.771720,117,504
2025-11-16 07:00:59.771720,139,447
2025-11-16 07:01:00.771720,151,388
2025-11-16 07:01:01.771720,113,529
2025-11-16 07:01:02.771720,140,410
2025-11-16 07:01:03.771720,119,489
2025-11-16 07:01:04.771720,120,499
2025-11-16 07:01:05.771720,122,485
2025-11-16 07:01:06.771720,114,517
2025-11-16 07:01:07.771720,148,420
2025-11-16 07:01:08.771720,135,445
2025-11-16 07:01:09.771720,155,386
2025-11-16 07:01:10.771720,140,431
2025-11-16 07:01:11.771720,89,683
2025-11-16 07:01:12.771720,128,466
2025-11-16 07:01:13.771720,123,480
2025-11-16 07:01:14.771720,135,434
2025-11-16 07:01:15.771720,123,478
2025-11-16 07:01:16.771720,83,699
2025-11-16 07:01:17.771720,101,592
2025-11-16 07:01:18.771720,146,408
2025-11-16 07:01:19.771720,162,363
2025-11-16 07:01:20.771720,140,428
2025-11-16 07:01:21.771720,151,406
2025-11-16 07:01:22.771720,127,478
2025-11-16 07:01:23.771720,123,488
2025-11-16 07:01:24.771720,163,365
2025-11-16 07:01:25.771720,156,397
2025-11-16 07:01:26.771720,165,367
2025-11-16 07:01:27.771720,141,425
2025-11-16 07:01:28.771720,131,449
2025-11-16 07:01:29.771720,108,561
2025-11-16 07:01:30.771720,130,462
2025-11-16 07:01:31.771720,144,416
2025-11-16 07:01:32.771720,157,389
2025-11-16 07:01:33.771720,149,416
2025-11-16 07:01:34.771720,175,344
2025-11-16 07:01:35.771720,134,450
2025-11-16 07:01:36.771720,142,431
2025-11-16 07:01:37.771720,159,377
2025-11-16 07:01:38.771720,139,419
2025-11-16 07:01:39.771720,115,529
2025-11-16 07:01:40.771720,166,369
2025-11-16 07:01:41.771720,158,378
2025-11-16 07:01:42.771720,149,391
2025-11-16 07:01:43.771720,144,410
2025-11-16 07:01:44.771720,150,398
2025-11-16 07:01:45.771720,180,339
2025-11-16 07:01:46.771720,162,382
2025-11-16 07:01:47.771720,132,458
2025-11-16 07:01:48.771720,140,427
2025-11-16 07:01:49.771720,178,328
2025-11-16 07:01:50.771720,117,503
2025-11-16 07:01:51.771720,141,415
2025-11-16 07:01:52.771720,150,399
2025-11-16 07:01:53.771720,157,364
2025-11-16 07:01:54.771720,146,410
2025-11-16 07:01:55.771720,155,392
2025-11-16 07:01:56.771720,125,479
2025-11-16 07:01:57.771720,128,479
2025-11-16 07:01:58.771720,154,390
2025-11-16 07:01:59.771720,132,457
2025-11-16 07:02:00.771720,145,421
2025-11-16 07:02:01.771720,143,428
2025-11-16 07:02:02.771720,144,424
2025-11-16 07:02:03.771720,178,344
2025-11-16 07:02:04.771720,138,416
2025-11-16 07:02:05.771720,118,506
2025-11-16 07:02:06.771720,113,524
2025-11-16 07:02:07.771720,150,400
2025-11-16 07:02:08.771720,132,463
2025-11-16 07:02:09.771720,146,414
2025-11-16 07:02:10.771720,102,570
2025-11-16 07:02:11.771720,139,427
2025-11-16 07:02:12.771720,118,497
2025-11-16 07:02:13.771720,166,371
2025-11-16 07:02:14.771720,134,443
2025-11-16 07:02:15.771720,124,492
2025-11-16 07:02:16.771720,116,506
2025-11-16 07:02:17.771720,161,363
2025-11-16 07:02:18.771720,117,529
2025-11-16 07:02:19.771720,138,428
2025-11-16 07:02:20.771720,142,426
2025-11-16 07:02:21.771720,124,485
2025-11-16 07:02:22.771720,169,360
2025-11-16 07:02:23.771720,138,429
2025-11-16 07:02:24.771720,138,424
2025-11-16 07:02:25.771720,136,429
2025-11-16 07:02:26.771720,158,395
2025-11-16 07:02:27.771720,141,427
2025-11-16 07:02:28.771720,160,369
2025-11-16 07:02:29.771720,120,509
2025-11-16 07:02:30.771720,170,381
2025-11-16 07:02:31.771720,141,429
2025-11-16 07:02:32.771720,149,392
2025-11-16 07:02:33.771720,131,458
2025-11-16 07:02:34.771720,143,406
2025-11-16 07:02:35.771720,129,471
2025-11-16 07:02:36.771720,141,415
2025-11-16 07:02:37.771720,167,343
2025-11-16 07:02:38.771720,190,303
2025-11-16 07:02:39.771720,155,367
2025-11-16 07:02:40.771720,114,525
2025-11-16 07:02:41.771720,112,567
2025-11-16 07:02:42.771720,180,334
2025-11-16 07:02:43.771720,113,540
2025-11-16 07:02:44.771720,144,432
2025-11-16 07:02:45.771720,151,401
2025-11-16 07:02:46.771720,141,430
2025-11-16 07:02:47.771720,155,384
2025-11-16 07:02:48.771720,94,640
2025-11-16 07:02:49.771720,190,331
2025-11-16 07:02:50.771720,115,513
2025-11-16 07:02:51.771720,190,327
2025-11-16 07:02:52.771720,165,369
2025-11-16 07:02:53.771720,136,452
2025-11-16 07:02:54.771720,162,376
2025-11-16 07:02:55.771720,165,347
2025-11-16 07:02:56.771720,147,403
2025-11-16 07:02:57.771720,125,489
2025-11-16 07:02:58.771720,151,387
2025-11-16 07:02:59.771720,126,476
2025-11-16 07:03:00.771720,131,447
2025-11-16 07:03:01.771720,149,393
2025-11-16 07:03:02.771720,156,356
2025-11-16 07:03:03.771720,154,396
2025-11-16 07:03:04.771720,146,418
2025-11-16 07:03:05.771720,142,420
2025-11-16 07:03:06.771720,158,386
2025-11-16 07:03:07.771720,109,541
2025-11-16 07:03:08.771720,160,379
2025-11-16 07:03:09.771720,129,464
2025-11-16 07:03:10.771720,155,395
2025-11-16 07:03:11.771720,163,371
2025-11-16 07:03:12.771720,145,412
2025-11-16 07:03:13.771720,158,404
2025-11-16 07:03:14.771720,149,411
2025-11-16 07:03:15.771720,120,504
2025-11-16 07:03:16.771720,132,454
2025-11-16 07:03:17.771720,129,473
2025-11-16 07:03:18.771720,137,434
2025-11-16 07:03:19.771720,128,462
2025-11-16 07:03:20.771720,119,519
2025-11-16 07:03:21.771720,117,499
2025-11-16 07:03:22.771720,102,596
2025-11-16 07:03:23.771720,129,470
2025-11-16 07:03:24.771720,149,394
2025-11-16 07:03:25.771720,164,361
2025-11-16 07:03:26.771720,162,378
2025-11-16 07:03:27.771720,107,569
2025-11-16 07:03:28.771720,181,334
2025-11-16 07:03:29.771720,150,398
2025-11-16 07:03:30.771720,156,370
2025-11-16 07:03:31.771720,185,314
2025-11-16 07:03:32.771720,168,359
2025-11-16 07:03:33.771720,155,382
2025-11-16 07:03:34.771720,184,324
2025-11-16 07:03:35.771720,118,519
2025-11-16 07:03:36.771720,139,439
2025-11-16 07:03:37.771720,148,417
2025-11-16 07:03:38.771720,160,379
2025-11-16 07:03:39.771720,118,516
2025-11-16 07:03:40.771720,113,529
2025-11-16 07:03:41.771720,154,389
2025-11-16 07:03:42.771720,128,453
2025-11-16 07:03:43.771720,120,500
2025-11-16 07:03:44.771720,155,368
2025-11-16 07:03:45.771720,122,480
2025-11-16 07:03:46.771720,124,479
2025-11-16 07:03:47.771720,190,313
2025-11-16 07:03:48.771720,139,447
2025-11-16 07:03:49.771720,122,486
2025-11-16 07:03:50.771720,141,423
2025-11-16 07:03:51.771720,127,479
2025-11-16 07:03:52.771720,127,476
2025-11-16 07:03:53.771720,132,451
2025-11-16 07:03:54.771720,113,511
2025-11-16 07:03:55.771720,149,390
2025-11-16 07:03:56.771720,162,370
2025-11-16 07:03:57.771720,139,429
2025-11-16 07:03:58.771720,182,335
2025-11-16 07:03:59.771720,145,403
2025-11-16 07:04:00.771720,107,557
2025-11-16 07:04:01.771720,162,376
2025-11-16 07:04:02.771720,119,505
2025-11-16 07:04:03.771720,136,441
2025-11-16 07:04:04.771720,104,575
2025-11-16 07:04:05.771720,146,410
2025-11-16 07:04:06.771720,146,414
2025-11-16 07:04:07.771720,118,515
2025-11-16 07:04:08.771720,166,348
2025-11-16 07:04:09.771720,118,528
2025-11-16 07:04:10.771720,143,434
2025-11-16 07:04:11.771720,121,476
2025-11-16 07:04:12.771720,113,528
2025-11-16 07:04:13.771720,166,360
2025-11-16 07:04:14.771720,124,475
2025-11-16 07:04:15.771720,108,580
2025-11-16 07:04:16.771720,159,355
2025-11-16 07:04:17.771720,111,555
2025-11-16 07:04:18.771720,151,396
2025-11-16 07:04:19.771720,119,505
2025-11-16 07:04:20.771720,124,484
2025-11-16 07:04:21.771720,137,444
2025-11-16 07:04:22.771720,107,561
2025-11-16 07:04:23.771720,143,409
2025-11-16 07:04:24.771720,126,487
2025-11-16 07:04:25.771720,141,442
2025-11-16 07:04:26.771720,108,549
2025-11-16 07:04:27.771720,127,466
2025-11-16 07:04:28.771720,146,413
2025-11-16 07:04:29.771720,130,457
2025-11-16 07:04:30.771720,158,384
2025-11-16 07:04:31.771720,167,344
2025-11-16 07:04:32.771720,121,508
2025-11-16 07:04:33.771720,149,410
2025-11-16 07:04:34.771720,117,531
2025-11-16 07:04:35.771720,158,394
2025-11-16 07:04:36.771720,131,468
2025-11-16 07:04:37.771720,114,515
2025-11-16 07:04:38.771720,138,427
2025-11-16 07:04:39.771720,151,397
2025-11-16 07:04:40.771720,157,396
2025-11-16 07:04:41.771720,146,421
2025-11-16 07:04:42.771720,175,333
2025-11-16 07:04:43.771720,154,394
2025-11-16 07:04:44.771720,150,381
2025-11-16 07:04:45.771720,137,432
2025-11-16 07:04:46.771720,182,322
2025-11-16 07:04:47.771720,152,400
2025-11-16 07:04:48.771720,172,359
2025-11-16 07:04:49.771720,122,503
2025-11-16 07:04:50.771720,113,547
2025-11-16 07:04:51.771720,189,323
2025-11-16 07:04:52.771720,179,320
2025-11-16 07:04:53.771720,113,534
2025-11-16 07:04:54.771720,146,415
2025-11-16 07:04:55.771720,126,474
2025-11-16 07:04:56.771720,129,466
2025-11-16 07:04:57.771720,131,464
2025-11-16 07:04:58.771720,138,447
2025-11-16 07:04:59.771720,155,385
2025-11-16 07:05:00.771720,175,331
2025-11-16 07:05:01.771720,148,406
2025-11-16 07:05:02.771720,149,392
2025-11-16 07:05:03.771720,116,513
2025-11-16 07:05:04.771720,165,356
2025-11-16 07:05:05.771720,136,445
2025-11-16 07:05:06.771720,145,400
2025-11-16 07:05:07.771720,186,328
2025-11-16 07:05:08.771720,131,445
2025-11-16 07:05:09.771720,149,402
2025-11-16 07:05:10.771720,115,525
2025-11-16 07:05:11.771720,119,507
2025-11-16 07:05:12.771720,175,355
2025-11-16 07:05:13.771720,125,490
2025-11-16 07:05:14.771720,135,439
2025-11-16 07:05:15.771720,147,409
2025-11-16 07:05:16.771720,152,394
2025-11-16 07:05:17.771720,160,375
2025-11-16 07:05:18.771720,162,383
2025-11-16 07:05:19.771720,147,409
2025-11-16 07:05:20.771720,120,515
2025-11-16 07:05:21.771720,188,321
2025-11-16 07:05:22.771720,165,369
2025-11-16 07:05:23.771720,164,371
2025-11-16 07:05:24.771720,127,481
2025-11-16 07:05:25.771720,128,462
2025-11-16 07:05:26.771720,151,401
2025-11-16 07:05:27.771720,147,427
2025-11-16 07:05:28.771720,132,452
2025-11-16 07:05:29.771720,135,432
2025-11-16 07:05:30.771720,138,447
2025-11-16 07:05:31.771720,133,456
2025-11-16 07:05:32.771720,130,460
2025-11-16 07:05:33.771720,144,412
2025-11-16 07:05:34.771720,138,417
2025-11-16 07:05:35.771720,123,499
2025-11-16 07:05:36.771720,152,386
2025-11-16 07:05:37.771720,121,487
2025-11-16 07:05:38.771720,126,478
2025-11-16 07:05:39.771720,129,443
2025-11-16 07:05:40.771720,138,444
2025-11-16 07:05:41.771720,143,408
2025-11-16 07:05:42.771720,125,480
2025-11-16 07:05:43.771720,123,486
2025-11-16 07:05:44.771720,113,526
2025-11-16 07:05:45.771720,148,401
2025-11-16 07:05:46.771720,155,401
2025-11-16 07:05:47.771720,158,370
2025-11-16 07:05:48.771720,163,349
2025-11-16 07:05:49.771720,129,462
2025-11-16 07:05:50.771720,142,424
2025-11-16 07:05:51.771720,141,423
2025-11-16 07:05:52.771720,125,469
2025-11-16 07:05:53.771720,141,418
2025-11-16 07:05:54.771720,129,468
2025-11-16 07:05:55.771720,125,484
2025-11-16 07:05:56.771720,154,374
2025-11-16 07:05:57.771720,130,447
2025-11-16 07:05:58.771720,136,426
2025-11-16 07:05:59.771720,141,423
2025-11-16 07:06:00.771720,139,432
2025-11-16 07:06:01.771720,160,376
2025-11-16 07:06:02.771720,118,506
2025-11-16 07:06:03.771720,159,374
2025-11-16 07:06:04.771720,122,486
2025-11-16 07:06:05.771720,142,440
2025-11-16 07:06:06.771720,157,361
2025-11-16 07:06:07.771720,152,395
2025-11-16 07:06:08.771720,123,505
2025-11-16 07:06:09.771720,145,425
2025-11-16 07:06:10.771720,132,451
2025-11-16 07:06:11.771720,125,472
2025-11-16 07:06:12.771720,118,518
2025-11-16 07:06:13.771720,149,410
2025-11-16 07:06:14.771720,139,457
2025-11-16 07:06:15.771720,149,379
2025-11-16 07:06:16.771720,152,394
2025-11-16 07:06:17.771720,134,439
2025-11-16 07:06:18.771720,138,434
2025-11-16 07:06:19.771720,125,480
2025-11-16 07:06:20.771720,174,347
2025-11-16 07:06:21.771720,140,421
2025-11-16 07:06:22.771720,136,452
2025-11-16 07:06:23.771720,173,344
2025-11-16 07:06:24.771720,155,376
2025-11-16 07:06:25.771720,148,395
2025-11-16 07:06:26.771720,162,371
2025-11-16 07:06:27.771720,139,429
2025-11-16 07:06:28.771720,133,442
2025-11-16 07:06:29.771720,113,524
2025-11-16 07:06:30.771720,132,450
2025-11-16 07:06:31.771720,140,404
2025-11-16 07:06:32.771720,150,388
2025-11-16 07:06:33.771720,112,535
2025-11-16 07:06:34.771720,156,384
2025-11-16 07:06:35.771720,128,468
2025-11-16 07:06:36.771720,131,459
2025-11-16 07:06:37.771720,161,388
2025-11-16 07:06:38.771720,141,414
2025-11-16 07:06:39.771720,140,408
2025-11-16 07:06:40.771720,114,531
2025-11-16 07:06:41.771720,154,389
2025-11-16 07:06:42.771720,170,370
2025-11-16 07:06:43.771720,135,433
2025-11-16 07:06:44.771720,172,348
2025-11-16 07:06:45.771720,121,501
2025-11-16 07:06:46.771720,123,495
2025-11-16 07:06:47.771720,141,431
2025-11-16 07:06:48.771720,158,358
2025-11-16 07:06:49.771720,116,504
2025-11-16 07:06:50.771720,149,411
2025-11-16 07:06:51.771720,153,395
2025-11-16 07:06:52.771720,151,408
2025-11-16 07:06:53.771720,158,382
2025-11-16 07:06:54.771720,168,357
2025-11-16 07:06:55.771720,146,430
2025-11-16 07:06:56.771720,164,354
2025-11-16 07:06:57.771720,117,513
2025-11-16 07:06:58.771720,143,414
2025-11-16 07:06:59.771720,131,475
2025-11-16 07:07:00.771720,153,376
2025-11-16 07:07:01.771720,160,383
2025-11-16 07:07:02.771720,148,419
2025-11-16 07:07:03.771720,141,419
2025-11-16 07:07:04.771720,158,388
2025-11-16 07:07:05.771720,159,388
2025-11-16 07:07:06.771720,141,437
2025-11-16 07:07:07.771720,137,439
2025-11-16 07:07:08.771720,132,454
2025-11-16 07:07:09.771720,140,428
2025-11-16 07:07:10.771720,143,419
2025-11-16 07:07:11.771720,138,452
2025-11-16 07:07:12.771720,119,507
2025-11-16 07:07:13.771720,137,455
2025-11-16 07:07:14.771720,135,444
2025-11-16 07:07:15.771720,113,541
2025-11-16 07:07:16.771720,137,457
2025-11-16 07:07:17.771720,94,643
2025-11-16 07:07:18.771720,130,475
2025-11-16 07:07:19.771720,123,491
2025-11-16 07:07:20.771720,117,527
2025-11-16 07:07:21.771720,160,375
2025-11-16 07:07:22.771720,121,484
2025-11-16 07:07:23.771720,142,425
2025-11-16 07:07:24.771720,86,697
2025-11-16 07:07:25.771720,146,399
2025-11-16 07:07:26.771720,149,407
2025-11-16 07:07:27.771720,121,482
2025-11-16 07:07:28.771720,133,446
2025-11-16 07:07:29.771720,132,442
2025-11-16 07:07:30.771720,167,363
2025-11-16 07:07:31.771720,143,416
2025-11-16 07:07:32.771720,146,414
2025-11-16 07:07:33.771720,149,405
2025-11-16 07:07:34.771720,143,417
2025-11-16 07:07:35.771720,153,405
2025-11-16 07:07:36.771720,151,389
2025-11-16 07:07:37.771720,137,448
2025-11-16 07:07:38.771720,96,623
2025-11-16 07:07:39.771720,122,476
2025-11-16 07:07:40.771720,119,487
2025-11-16 07:07:41.771720,145,403
2025-11-16 07:07:42.771720,129,468
2025-11-16 07:07:43.771720,122,486
2025-11-16 07:07:44.771720,149,393
2025-11-16 07:07:45.771720,137,427
2025-11-16 07:07:46.771720,138,429
2025-11-16 07:07:47.771720,156,372
2025-11-16 07:07:48.771720,108,526
2025-11-16 07:07:49.771720,132,451
2025-11-16 07:07:50.771720,158,368
2025-11-16 07:07:51.771720,133,440
2025-11-16 07:07:52.771720,122,482
2025-11-16 07:07:53.771720,137,449
2025-11-16 07:07:54.771720,166,364
2025-11-16 07:07:55.771720,167,368
2025-11-16 07:07:56.771720,161,380
2025-11-16 07:07:57.771720,164,355
2025-11-16 07:07:58.771720,121,511
2025-11-16 07:07:59.771720,128,480
2025-11-16 07:08:00.771720,109,559
2025-11-16 07:08:01.771720,180,333
2025-11-16 07:08:02.771720,167,350
2025-11-16 07:08:03.771720,107,563
2025-11-16 07:08:04.771720,118,535
2025-11-16 07:08:05.771720,126,480
2025-11-16 07:08:06.771720,131,455
2025-11-16 07:08:07.771720,136,435
2025-11-16 07:08:08.771720,122,488
2025-11-16 07:08:09.771720,140,435
2025-11-16 07:08:10.771720,172,351
2025-11-16 07:08:11.771720,163,375
2025-11-16 07:08:12.771720,184,319
2025-11-16 07:08:13.771720,142,421
2025-11-16 07:08:14.771720,115,518
2025-11-16 07:08:15.771720,124,471
2025-11-16 07:08:16.771720,140,420
2025-11-16 07:08:17.771720,82,724
2025-11-16 07:08:18.771720,130,451
2025-11-16 07:08:19.771720,137,442
2025-11-16 07:08:20.771720,151,376
2025-11-16 07:08:21.771720,134,459
2025-11-16 07:08:22.771720,150,403
2025-11-16 07:08:23.771720,137,447
2025-11-16 07:08:24.771720,118,501
2025-11-16 07:08:25.771720,151,399
2025-11-16 07:08:26.771720,125,494
2025-11-16 07:08:27.771720,155,390
2025-11-16 07:08:28.771720,125,482
2025-11-16 07:08:29.771720,131,456
2025-11-16 07:08:30.771720,108,554
2025-11-16 07:08:31.771720,159,379
2025-11-16 07:08:32.771720,150,389
2025-11-16 07:08:33.771720,143,424
2025-11-16 07:08:34.771720,153,396
2025-11-16 07:08:35.771720,151,380
2025-11-16 07:08:36.771720,162,384
2025-11-16 07:08:37.771720,141,420
2025-11-16 07:08:38.771720,126,470
2025-11-16 07:08:39.771720,120,502
2025-11-16 07:08:40.771720,137,424
2025-11-16 07:08:41.771720,119,496
2025-11-16 07:08:42.771720,130,461
2025-11-16 07:08:43.771720,129,472
2025-11-16 07:08:44.771720,99,596
2025-11-16 07:08:45.771720,137,452
2025-11-16 07:08:46.771720,177,349
2025-11-16 07:08:47.771720,144,413
2025-11-16 07:08:48.771720,148,414
2025-11-16 07:08:49.771720,127,469
2025-11-16 07:08:50.771720,146,416
2025-11-16 07:08:51.771720,101,587
2025-11-16 07:08:52.771720,119,504
2025-11-16 07:08:53.771720,139,436
2025-11-16 07:08:54.771720,132,454
2025-11-16 07:08:55.771720,147,396
2025-11-16 07:08:56.771720,102,580
2025-11-16 07:08:57.771720,129,469
2025-11-16 07:08:58.771720,137,445
2025-11-16 07:08:59.771720,131,458
2025-11-16 07:09:00.771720,126,468
2025-11-16 07:09:01.771720,122,477
2025-11-16 07:09:02.771720,109,530
2025-11-16 07:09:03.771720,155,388
2025-11-16 07:09:04.771720,136,446
2025-11-16 07:09:05.771720,154,381
2025-11-16 07:09:06.771720,145,406
2025-11-16 07:09:07.771720,148,399
2025-11-16 07:09:08.771720,125,475
2025-11-16 07:09:09.771720,173,343
2025-11-16 07:09:10.771720,122,473
2025-11-16 07:09:11.771720,122,489
2025-11-16 07:09:12.771720,116,525
2025-11-16 07:09:13.771720,162,389
2025-11-16 07:09:14.771720,113,541
2025-11-16 07:09:15.771720,149,395
2025-11-16 07:09:16.771720,129,468
2025-11-16 07:09:17.771720,129,465
2025-11-16 07:09:18.771720,155,385
2025-11-16 07:09:19.771720,182,347
2025-11-16 07:09:20.771720,127,486
2025-11-16 07:09:21.771720,106,545
2025-11-16 07:09:22.771720,144,383
2025-11-16 07:09:23.771720,121,479
2025-11-16 07:09:24.771720,123,491
2025-11-16 07:09:25.771720,160,382
2025-11-16 07:09:26.771720,151,413
2025-11-16 07:09:27.771720,142,424
2025-11-16 07:09:28.771720,110,540
2025-11-16 07:09:29.771720,128,464
2025-11-16 07:09:30.771720,165,380
2025-11-16 07:09:31.771720,132,465
2025-11-16 07:09:32.771720,139,406
2025-11-16 07:09:33.771720,152,398
2025-11-16 07:09:34.771720,142,437
2025-11-16 07:09:35.771720,126,467
2025-11-16 07:09:36.771720,175,350
2025-11-16 07:09:37.771720,161,393
2025-11-16 07:09:38.771720,152,389
2025-11-16 07:09:39.771720,133,445
2025-11-16 07:09:40.771720,177,335
2025-11-16 07:09:41.771720,147,391
2025-11-16 07:09:42.771720,148,403
2025-11-16 07:09:43.771720,118,504
2025-11-16 07:09:44.771720,129,459
2025-11-16 07:09:45.771720,144,417
2025-11-16 07:09:46.771720,135,436
2025-11-16 07:09:47.771720,133,440
2025-11-16 07:09:48.771720,122,477
2025-11-16 07:09:49.771720,153,376
2025-11-16 07:09:50.771720,127,476
2025-11-16 07:09:51.771720,163,366
2025-11-16 07:09:52.771720,107,550
2025-11-16 07:09:53.771720,125,483
2025-11-16 07:09:54.771720,140,426
2025-11-16 07:09:55.771720,106,569
2025-11-16 07:09:56.771720,147,427
2025-11-16 07:09:57.771720,124,478
2025-11-16 07:09:58.771720,128,477
2025-11-16 07:09:59.771720,122,484
2025-11-16 07:10:00.771720,122,511
2025-11-16 07:10:01.771720,127,466
2025-11-16 07:10:02.771720,105,571
2025-11-16 07:10:03.771720,125,463
2025-11-16 07:10:04.771720,146,415
2025-11-16 07:10:05.771720,128,470
2025-11-16 07:10:06.771720,129,458
2025-11-16 07:10:07.771720,167,365
2025-11-16 07:10:08.771720,154,384
2025-11-16 07:10:09.771720,148,410
2025-11-16 07:10:10.771720,125,489
2025-11-16 07:10:11.771720,140,422
2025-11-16 07:10:12.771720,158,371
2025-11-16 07:10:13.771720,127,470
2025-11-16 07:10:14.771720,130,456
2025-11-16 07:10:15.771720,155,377
2025-11-16 07:10:16.771720,124,483
2025-11-16 07:10:17.771720,108,573
2025-11-16 07:10:18.771720,153,399
2025-11-16 07:10:19.771720,155,388
2025-11-16 07:10:20.771720,157,387
2025-11-16 07:10:21.771720,128,465
2025-11-16 07:10:22.771720,147,395
2025-11-16 07:10:23.771720,135,444
2025-11-16 07:10:24.771720,159,374
2025-11-16 07:10:25.771720,131,468
2025-11-16 07:10:26.771720,128,470
2025-11-16 07:10:27.771720,160,365
2025-11-16 07:10:28.771720,135,456
2025-11-16 07:10:29.771720,103,566
2025-11-16 07:10:30.771720,148,426
2025-11-16 07:10:31.771720,146,413
2025-11-16 07:10:32.771720,119,504
2025-11-16 07:10:33.771720,115,512
2025-11-16 07:10:34.771720,164,362
2025-11-16 07:10:35.771720,107,558
2025-11-16 07:10:36.771720,112,540
2025-11-16 07:10:37.771720,166,378
2025-11-16 07:10:38.771720,170,349
2025-11-16 07:10:39.771720,136,446
2025-11-16 07:10:40.771720,144,422
2025-11-16 07:10:41.771720,146,394
2025-11-16 07:10:42.771720,157,392
2025-11-16 07:10:43.771720,141,428
2025-11-16 07:10:44.771720,174,341
2025-11-16 07:10:45.771720,113,513
2025-11-16 07:10:46.771720,125,486
2025-11-16 07:10:47.771720,139,448
2025-11-16 07:10:48.771720,132,462
2025-11-16 07:10:49.771720,133,462
2025-11-16 07:10:50.771720,113,534
2025-11-16 07:10:51.771720,121,498
2025-11-16 07:10:52.771720,116,528
2025-11-16 07:10:53.771720,177,323
2025-11-16 07:10:54.771720,129,462
2025-11-16 07:10:55.771720,128,474
2025-11-16 07:10:56.771720,152,380
2025-11-16 07:10:57.771720,155,381
2025-11-16 07:10:58.771720,137,442
2025-11-16 07:10:59.771720,151,408
2025-11-16 07:11:00.771720,143,410
2025-11-16 07:11:01.771720,114,526
2025-11-16 07:11:02.771720,113,522
2025-11-16 07:11:03.771720,158,365
2025-11-16 07:11:04.771720,157,386
2025-11-16 07:11:05.771720,107,539
2025-11-16 07:11:06.771720,143,419
2025-11-16 07:11:07.771720,130,469
2025-11-16 07:11:08.771720,122,492
2025-11-16 07:11:09.771720,137,439
2025-11-16 07:11:10.771720,109,562
2025-11-16 07:11:11.771720,119,504
2025-11-16 07:11:12.771720,114,512
2025-11-16 07:11:13.771720,122,481
2025-11-16 07:11:14.771720,130,461
2025-11-16 07:11:15.771720,140,419
2025-11-16 07:11:16.771720,131,453
2025-11-16 07:11:17.771720,128,463
2025-11-16 07:11:18.771720,122,508
2025-11-16 07:11:19.771720,177,345
2025-11-16 07:11:20.771720,141,411
2025-11-16 07:11:21.771720,113,537
2025-11-16 07:11:22.771720,190,321
2025-11-16 07:11:23.771720,121,493
2025-11-16 07:11:24.771720,124,491
2025-11-16 07:11:25.771720,121,493
2025-11-16 07:11:26.771720,160,379
2025-11-16 07:11:27.771720,128,470
2025-11-16 07:11:28.771720,139,424
2025-11-16 07:11:29.771720,153,392
2025-11-16 07:11:30.771720,133,460
2025-11-16 07:11:31.771720,133,468
2025-11-16 07:11:32.771720,131,446
2025-11-16 07:11:33.771720,126,489
2025-11-16 07:11:34.771720,135,439
2025-11-16 07:11:35.771720,158,383
2025-11-16 07:11:36.771720,143,431
2025-11-16 07:11:37.771720,141,440
2025-11-16 07:11:38.771720,128,448
2025-11-16 07:11:39.771720,102,570
2025-11-16 07:11:40.771720,170,339
2025-11-16 07:11:41.771720,124,484
2025-11-16 07:11:42.771720,160,369
2025-11-16 07:11:43.771720,132,458
2025-11-16 07:11:44.771720,138,438
2025-11-16 07:11:45.771720,163,391
2025-11-16 07:11:46.771720,166,366
2025-11-16 07:11:47.771720,159,377
2025-11-16 07:11:48.771720,139,411
2025-11-16 07:11:49.771720,168,360
2025-11-16 07:11:50.771720,122,491
2025-11-16 07:11:51.771720,133,430
2025-11-16 07:11:52.771720,165,363
2025-11-16 07:11:53.771720,148,390
2025-11-16 07:11:54.771720,148,415
2025-11-16 07:11:55.771720,131,455
2025-11-16 07:11:56.771720,154,399
2025-11-16 07:11:57.771720,150,394
2025-11-16 07:11:58.771720,125,477
2025-11-16 07:11:59.771720,100,603
2025-11-16 07:12:00.771720,108,560
2025-11-16 07:12:01.771720,113,542
2025-11-16 07:12:02.771720,144,420
2025-11-16 07:12:03.771720,110,544
2025-11-16 07:12:04.771720,111,526
2025-11-16 07:12:05.771720,149,394
2025-11-16 07:12:06.771720,163,374
2025-11-16 07:12:07.771720,123,487
2025-11-16 07:12:08.771720,143,402
2025-11-16 07:12:09.771720,132,457
2025-11-16 07:12:10.771720,161,378
2025-11-16 07:12:11.771720,118,518
2025-11-16 07:12:12.771720,121,496
2025-11-16 07:12:13.771720,164,372
2025-11-16 07:12:14.771720,159,363
2025-11-16 07:12:15.771720,162,359
2025-11-16 07:12:16.771720,139,430
2025-11-16 07:12:17.771720,155,384
2025-11-16 07:12:18.771720,122,489
2025-11-16 07:12:19.771720,165,358
2025-11-16 07:12:20.771720,126,470
2025-11-16 07:12:21.771720,158,385
2025-11-16 07:12:22.771720,105,573
2025-11-16 07:12:23.771720,104,579
2025-11-16 07:12:24.771720,144,432
2025-11-16 07:12:25.771720,107,568
2025-11-16 07:12:26.771720,143,417
2025-11-16 07:12:27.771720,158,378
2025-11-16 07:12:28.771720,134,444
2025-11-16 07:12:29.771720,136,438
2025-11-16 07:12:30.771720,161,363
2025-11-16 07:12:31.771720,149,417
2025-11-16 07:12:32.771720,139,417
2025-11-16 07:12:33.771720,132,468
2025-11-16 07:12:34.771720,105,571
2025-11-16 07:12:35.771720,111,545
2025-11-16 07:12:36.771720,127,479
2025-11-16 07:12:37.771720,154,393
2025-11-16 07:12:38.771720,138,449
2025-11-16 07:12:39.771720,138,441
2025-11-16 07:12:40.771720,142,415
2025-11-16 07:12:41.771720,98,595
2025-11-16 07:12:42.771720,138,408
2025-11-16 07:12:43.771720,141,439
2025-11-16 07:12:44.771720,129,468
2025-11-16 07:12:45.771720,167,356
2025-11-16 07:12:46.771720,144,410
2025-11-16 07:12:47.771720,120,489
2025-11-16 07:12:48.771720,134,428
2025-11-16 07:12:49.771720,116,520
2025-11-16 07:12:50.771720,123,508
2025-11-16 07:12:51.771720,142,424
2025-11-16 07:12:52.771720,114,536
2025-11-16 07:12:53.771720,140,419
2025-11-16 07:12:54.771720,132,449
2025-11-16 07:12:55.771720,168,344
2025-11-16 07:12:56.771720,152,404
2025-11-16 07:12:57.771720,173,339
2025-11-16 07:12:58.771720,144,415
2025-11-16 07:12:59.771720,149,401
2025-11-16 07:13:00.771720,143,421
2025-11-16 07:13:01.771720,135,455
2025-11-16 07:13:02.771720,171,359
2025-11-16 07:13:03.771720,138,434
2025-11-16 07:13:04.771720,137,440
2025-11-16 07:13:05.771720,162,369
2025-11-16 07:13:06.771720,150,413
2025-11-16 07:13:07.771720,142,409
2025-11-16 07:13:08.771720,109,555
2025-11-16 07:13:09.771720,145,401
2025-11-16 07:13:10.771720,98,613
2025-11-16 07:13:11.771720,115,528
2025-11-16 07:13:12.771720,150,406
2025-11-16 07:13:13.771720,100,612
2025-11-16 07:13:14.771720,114,508
2025-11-16 07:13:15.771720,169,361
2025-11-16 07:13:16.771720,123,506
2025-11-16 07:13:17.771720,103,587
2025-11-16 07:13:18.771720,122,496
2025-11-16 07:13:19.771720,127,480
2025-11-16 07:13:20.771720,150,408
2025-11-16 07:13:21.771720,115,521
2025-11-16 07:13:22.771720,134,441
2025-11-16 07:13:23.771720,167,348
2025-11-16 07:13:24.771720,155,379
2025-11-16 07:13:25.771720,146,400
2025-11-16 07:13:26.771720,109,552
2025-11-16 07:13:27.771720,136,449
2025-11-16 07:13:28.771720,138,431
2025-11-16 07:13:29.771720,125,485
2025-11-16 07:13:30.771720,131,465
2025-11-16 07:13:31.771720,139,430
2025-11-16 07:13:32.771720,140,428
2025-11-16 07:13:33.771720,123,482
2025-11-16 07:13:34.771720,156,395
2025-11-16 07:13:35.771720,130,456
2025-11-16 07:13:36.771720,120,510
2025-11-16 07:13:37.771720,174,330
2025-11-16 07:13:38.771720,134,432
2025-11-16 07:13:39.771720,94,638
2025-11-16 07:13:40.771720,116,523
2025-11-16 07:13:41.771720,116,521
2025-11-16 07:13:42.771720,111,552
2025-11-16 07:13:43.771720,136,461
2025-11-16 07:13:44.771720,93,645
2025-11-16 07:13:45.771720,143,420
2025-11-16 07:13:46.771720,128,487
2025-11-16 07:13:47.771720,136,441
2025-11-16 07:13:48.771720,147,403
2025-11-16 07:13:49.771720,123,473
2025-11-16 07:13:50.771720,133,459
2025-11-16 07:13:51.771720,142,420
2025-11-16 07:13:52.771720,142,422
2025-11-16 07:13:53.771720,108,542
2025-11-16 07:13:54.771720,141,425
2025-11-16 07:13:55.771720,171,337
2025-11-16 07:13:56.771720,171,348
2025-11-16 07:13:57.771720,118,527
2025-11-16 07:13:58.771720,157,391
2025-11-16 07:13:59.771720,149,404
2025-11-16 07:14:00.771720,131,456
2025-11-16 07:14:01.771720,135,437
2025-11-16 07:14:02.771720,133,459
2025-11-16 07:14:03.771720,123,469
2025-11-16 07:14:04.771720,168,349
2025-11-16 07:14:05.771720,142,436
2025-11-16 07:14:06.771720,167,359
2025-11-16 07:14:07.771720,119,512
2025-11-16 07:14:08.771720,136,439
2025-11-16 07:14:09.771720,143,415
2025-11-16 07:14:10.771720,185,328
2025-11-16 07:14:11.771720,138,425
2025-11-16 07:14:12.771720,116,511
2025-11-16 07:14:13.771720,164,381
2025-11-16 07:14:14.771720,156,375
2025-11-16 07:14:15.771720,159,387
2025-11-16 07:14:16.771720,116,516
2025-11-16 07:14:17.771720,123,492
2025-11-16 07:14:18.771720,168,357
2025-11-16 07:14:19.771720,120,505
2025-11-16 07:14:20.771720,153,389
2025-11-16 07:14:21.771720,152,422
2025-11-16 07:14:22.771720,113,534
2025-11-16 07:14:23.771720,142,424
2025-11-16 07:14:24.771720,129,472
2025-11-16 07:14:25.771720,144,414
2025-11-16 07:14:26.771720,169,362
2025-11-16 07:14:27.771720,104,585
2025-11-16 07:14:28.771720,121,491
2025-11-16 07:14:29.771720,145,413
2025-11-16 07:14:30.771720,132,462
2025-11-16 07:14:31.771720,144,409
2025-11-16 07:14:32.771720,156,376
2025-11-16 07:14:33.771720,128,473
2025-11-16 07:14:34.771720,124,484
2025-11-16 07:14:35.771720,165,351
2025-11-16 07:14:36.771720,143,425
2025-11-16 07:14:37.771720,134,443
2025-11-16 07:14:38.771720,152,380
2025-11-16 07:14:39.771720,175,328
2025-11-16 07:14:40.771720,126,468
2025-11-16 07:14:41.771720,121,483
2025-11-16 07:14:42.771720,151,392
2025-11-16 07:14:43.771720,122,496
2025-11-16 07:14:44.771720,168,361
2025-11-16 07:14:45.771720,119,506
2025-11-16 07:14:46.771720,104,550
2025-11-16 07:14:47.771720,144,408
2025-11-16 07:14:48.771720,123,480
2025-11-16 07:14:49.771720,146,413
2025-11-16 07:14:50.771720,110,546
2025-11-16 07:14:51.771720,138,435
2025-11-16 07:14:52.771720,187,322
2025-11-16 07:14:53.771720,161,380
2025-11-16 07:14:54.771720,141,428
2025-11-16 07:14:55.771720,149,396
2025-11-16 07:14:56.771720,164,377
2025-11-16 07:14:57.771720,139,451
2025-11-16 07:14:58.771720,190,317
2025-11-16 07:14:59.771720,152,391
2025-11-16 07:15:00.771720,160,377
2025-11-16 07:15:01.771720,150,396
2025-11-16 07:15:02.771720,154,389
2025-11-16 07:15:03.771720,145,405
2025-11-16 07:15:04.771720,135,443
2025-11-16 07:15:05.771720,107,571
2025-11-16 07:15:06.771720,125,483
2025-11-16 07:15:07.771720,125,487
2025-11-16 07:15:08.771720,139,460
2025-11-16 07:15:09.771720,118,494
2025-11-16 07:15:10.771720,145,412
2025-11-16 07:15:11.771720,144,414
2025-11-16 07:15:12.771720,140,413
2025-11-16 07:15:13.771720,158,388
2025-11-16 07:15:14.771720,125,486
2025-11-16 07:15:15.771720,145,437
2025-11-16 07:15:16.771720,167,347
2025-11-16 07:15:17.771720,128,472
2025-11-16 07:15:18.771720,149,407
2025-11-16 07:15:19.771720,168,355
2025-11-16 07:15:20.771720,140,426
2025-11-16 07:15:21.771720,126,483
2025-11-16 07:15:22.771720,104,598
2025-11-16 07:15:23.771720,140,425
2025-11-16 07:15:24.771720,133,451
2025-11-16 07:15:25.771720,168,363
2025-11-16 07:15:26.771720,141,425
2025-11-16 07:15:27.771720,159,364
2025-11-16 07:15:28.771720,123,489
2025-11-16 07:15:29.771720,111,539
2025-11-16 07:15:30.771720,153,380
2025-11-16 07:15:31.771720,154,405
2025-11-16 07:15:32.771720,148,421
2025-11-16 07:15:33.771720,136,436
2025-11-16 07:15:34.771720,157,389
2025-11-16 07:15:35.771720,130,461
2025-11-16 07:15:36.771720,184,332
2025-11-16 07:15:37.771720,190,320
2025-11-16 07:15:38.771720,176,332
2025-11-16 07:15:39.771720,141,426
2025-11-16 07:15:40.771720,165,356
2025-11-16 07:15:41.771720,155,382
2025-11-16 07:15:42.771720,151,405
2025-11-16 07:15:43.771720,178,333
2025-11-16 07:15:44.771720,126,496
2025-11-16 07:15:45.771720,145,400
2025-11-16 07:15:46.771720,103,568
2025-11-16 07:15:47.771720,150,408
2025-11-16 07:15:48.771720,132,460
2025-11-16 07:15:49.771720,145,413
2025-11-16 07:15:50.771720,145,411
2025-11-16 07:15:51.771720,143,426
2025-11-16 07:15:52.771720,125,493
2025-11-16 07:15:53.771720,136,433
2025-11-16 07:15:54.771720,133,445
2025-11-16 07:15:55.771720,174,349
2025-11-16 07:15:56.771720,133,447
2025-11-16 07:15:57.771720,102,583
2025-11-16 07:15:58.771720,119,506
2025-11-16 07:15:59.771720,130,469
2025-11-16 07:16:00.771720,158,376
2025-11-16 07:16:01.771720,132,439
2025-11-16 07:16:02.771720,161,373
2025-11-16 07:16:03.771720,151,402
2025-11-16 07:16:04.771720,136,423
2025-11-16 07:16:05.771720,162,375
2025-11-16 07:16:06.771720,149,403
2025-11-16 07:16:07.771720,134,433
2025-11-16 07:16:08.771720,113,521
2025-11-16 07:16:09.771720,147,406
2025-11-16 07:16:10.771720,126,470
2025-11-16 07:16:11.771720,164,372
2025-11-16 07:16:12.771720,176,352
2025-11-16 07:16:13.771720,143,425
2025-11-16 07:16:14.771720,188,310
2025-11-16 07:16:15.771720,116,519
2025-11-16 07:16:16.771720,145,413
2025-11-16 07:16:17.771720,142,417
2025-11-16 07:16:18.771720,142,415
2025-11-16 07:16:19.771720,141,428
2025-11-16 07:16:20.771720,124,479
2025-11-16 07:16:21.771720,150,401
2025-11-16 07:16:22.771720,130,466
2025-11-16 07:16:23.771720,116,527
2025-11-16 07:16:24.771720,142,417
2025-11-16 07:16:25.771720,123,479
2025-11-16 07:16:26.771720,170,372
2025-11-16 07:16:27.771720,165,383
2025-11-16 07:16:28.771720,126,488
2025-11-16 07:16:29.771720,144,416
2025-11-16 07:16:30.771720,167,361
2025-11-16 07:16:31.771720,90,664
2025-11-16 07:16:32.771720,153,388
2025-11-16 07:16:33.771720,147,403
2025-11-16 07:16:34.771720,148,416
2025-11-16 07:16:35.771720,150,391
2025-11-16 07:16:36.771720,117,527
2025-11-16 07:16:37.771720,173,344
2025-11-16 07:16:38.771720,114,535
2025-11-16 07:16:39.771720,135,432
2025-11-16 07:16:40.771720,143,427
2025-11-16 07:16:41.771720,133,456
2025-11-16 07:16:42.771720,174,346
2025-11-16 07:16:43.771720,157,379
2025-11-16 07:16:44.771720,139,437
2025-11-16 07:16:45.771720,139,421
2025-11-16 07:16:46.771720,134,452
2025-11-16 07:16:47.771720,144,408
2025-11-16 07:16:48.771720,131,449
2025-11-16 07:16:49.771720,152,414
2025-11-16 07:16:50.771720,136,435
2025-11-16 07:16:51.771720,135,439
2025-11-16 07:16:52.771720,132,464
2025-11-16 07:16:53.771720,133,427
2025-11-16 07:16:54.771720,111,540
2025-11-16 07:16:55.771720,112,535
2025-11-16 07:16:56.771720,144,405
2025-11-16 07:16:57.771720,142,417
2025-11-16 07:16:58.771720,176,337
2025-11-16 07:16:59.771720,128,470
2025-11-16 07:17:00.771720,122,487
2025-11-16 07:17:01.771720,121,512
2025-11-16 07:17:02.771720,122,480
2025-11-16 07:17:03.771720,104,560
2025-11-16 07:17:04.771720,149,400
2025-11-16 07:17:05.771720,146,410
2025-11-16 07:17:06.771720,108,571
2025-11-16 07:17:07.771720,96,632
2025-11-16 07:17:08.771720,139,434
2025-11-16 07:17:09.771720,152,393
2025-11-16 07:17:10.771720,131,458
2025-11-16 07:17:11.771720,131,459
2025-11-16 07:17:12.771720,137,430
2025-11-16 07:17:13.771720,120,490
2025-11-16 07:17:14.771720,163,361
2025-11-16 07:17:15.771720,157,382
2025-11-16 07:17:16.771720,156,386
2025-11-16 07:17:17.771720,190,301
2025-11-16 07:17:18.771720,131,468
2025-11-16 07:17:19.771720,163,372
2025-11-16 07:17:20.771720,134,455
2025-11-16 07:17:21.771720,129,471
2025-11-16 07:17:22.771720,135,455
2025-11-16 07:17:23.771720,136,442
2025-11-16 07:17:24.771720,117,531
2025-11-16 07:17:25.771720,115,521
2025-11-16 07:17:26.771720,147,406
2025-11-16 07:17:27.771720,133,448
2025-11-16 07:17:28.771720,167,343
2025-11-16 07:17:29.771720,144,424
2025-11-16 07:17:30.771720,123,490
2025-11-16 07:17:31.771720,150,392
2025-11-16 07:17:32.771720,163,372
2025-11-16 07:17:33.771720,103,582
2025-11-16 07:17:34.771720,115,521
2025-11-16 07:17:35.771720,161,369
2025-11-16 07:17:36.771720,153,374
2025-11-16 07:17:37.771720,127,464
2025-11-16 07:17:38.771720,147,392
2025-11-16 07:17:39.771720,120,490
2025-11-16 07:17:40.771720,124,468
2025-11-16 07:17:41.771720,153,389
2025-11-16 07:17:42.771720,140,424
2025-11-16 07:17:43.771720,137,443
2025-11-16 07:17:44.771720,111,556
2025-11-16 07:17:45.771720,131,454
2025-11-16 07:17:46.771720,157,389
2025-11-16 07:17:47.771720,149,408
2025-11-16 07:17:48.771720,160,381
2025-11-16 07:17:49.771720,153,395
2025-11-16 07:17:50.771720,185,316
2025-11-16 07:17:51.771720,156,383
2025-11-16 07:17:52.771720,133,469
2025-11-16 07:17:53.771720,127,467
2025-11-16 07:17:54.771720,131,455
2025-11-16 07:17:55.771720,164,353
2025-11-16 07:17:56.771720,153,393
2025-11-16 07:17:57.771720,152,395
2025-11-16 07:17:58.771720,119,511
2025-11-16 07:17:59.771720,97,625
2025-11-16 07:18:00.771720,133,447
2025-11-16 07:18:01.771720,189,317
2025-11-16 07:18:02.771720,153,367
2025-11-16 07:18:03.771720,147,417
2025-11-16 07:18:04.771720,145,403
2025-11-16 07:18:05.771720,141,434
2025-11-16 07:18:06.771720,127,481
2025-11-16 07:18:07.771720,176,347
2025-11-16 07:18:08.771720,117,507
2025-11-16 07:18:09.771720,151,408
2025-11-16 07:18:10.771720,141,414
2025-11-16 07:18:11.771720,131,451
2025-11-16 07:18:12.771720,145,413
2025-11-16 07:18:13.771720,151,390
2025-11-16 07:18:14.771720,109,557
2025-11-16 07:18:15.771720,166,346
2025-11-16 07:18:16.771720,123,475
2025-11-16 07:18:17.771720,144,415
2025-11-16 07:18:18.771720,133,464
2025-11-16 07:18:19.771720,165,355
2025-11-16 07:18:20.771720,135,452
2025-11-16 07:18:21.771720,126,478
2025-11-16 07:18:22.771720,137,440
2025-11-16 07:18:23.771720,154,392
2025-11-16 07:18:24.771720,136,430
2025-11-16 07:18:25.771720,173,350
2025-11-16 07:18:26.771720,136,441
2025-11-16 07:18:27.771720,118,508
2025-11-16 07:18:28.771720,145,418
2025-11-16 07:18:29.771720,127,493
2025-11-16 07:18:30.771720,124,486
2025-11-16 07:18:31.771720,132,451
2025-11-16 07:18:32.771720,164,375
2025-11-16 07:18:33.771720,121,493
2025-11-16 07:18:34.771720,96,625
2025-11-16 07:18:35.771720,175,336
2025-11-16 07:18:36.771720,142,460
2025-11-16 07:18:37.771720,139,423
2025-11-16 07:18:38.771720,178,340
2025-11-16 07:18:39.771720,137,422
2025-11-16 07:18:40.771720,116,517
2025-11-16 07:18:41.771720,113,519
2025-11-16 07:18:42.771720,147,425
2025-11-16 07:18:43.771720,166,367
2025-11-16 07:18:44.771720,131,449
2025-11-16 07:18:45.771720,146,405
2025-11-16 07:18:46.771720,164,370
2025-11-16 07:18:47.771720,144,426
2025-11-16 07:18:48.771720,144,412
2025-11-16 07:18:49.771720,95,623
2025-11-16 07:18:50.771720,168,350
2025-11-16 07:18:51.771720,138,431
2025-11-16 07:18:52.771720,127,472
2025-11-16 07:18:53.771720,102,582
2025-11-16 07:18:54.771720,144,425
2025-11-16 07:18:55.771720,131,460
2025-11-16 07:18:56.771720,146,387
2025-11-16 07:18:57.771720,177,346
2025-11-16 07:18:58.771720,142,418
2025-11-16 07:18:59.771720,134,461
2025-11-16 07:19:00.771720,132,464
2025-11-16 07:19:01.771720,126,487
2025-11-16 07:19:02.771720,127,462
2025-11-16 07:19:03.771720,129,467
2025-11-16 07:19:04.771720,125,487
2025-11-16 07:19:05.771720,157,374
2025-11-16 07:19:06.771720,134,453
2025-11-16 07:19:07.771720,140,438
2025-11-16 07:19:08.771720,147,399
2025-11-16 07:19:09.771720,99,609
2025-11-16 07:19:10.771720,134,458
2025-11-16 07:19:11.771720,159,384
2025-11-16 07:19:12.771720,139,431
2025-11-16 07:19:13.771720,183,323
2025-11-16 07:19:14.771720,161,369
2025-11-16 07:19:15.771720,165,361
2025-11-16 07:19:16.771720,153,404
2025-11-16 07:19:17.771720,182,337
2025-11-16 07:19:18.771720,147,407
2025-11-16 07:19:19.771720,135,459
2025-11-16 07:19:20.771720,139,432
2025-11-16 07:19:21.771720,141,436
2025-11-16 07:19:22.771720,165,365
2025-11-16 07:19:23.771720,144,413
2025-11-16 07:19:24.771720,129,468
2025-11-16 07:19:25.771720,114,538
2025-11-16 07:19:26.771720,159,388
2025-11-16 07:19:27.771720,110,545
2025-11-16 07:19:28.771720,124,488
2025-11-16 07:19:29.771720,122,482
2025-11-16 07:19:30.771720,142,417
2025-11-16 07:19:31.771720,118,498
2025-11-16 07:19:32.771720,156,366
2025-11-16 07:19:33.771720,141,446
2025-11-16 07:19:34.771720,139,450
2025-11-16 07:19:35.771720,165,366
2025-11-16 07:19:36.771720,179,358
2025-11-16 07:19:37.771720,135,443
2025-11-16 07:19:38.771720,155,374
2025-11-16 07:19:39.771720,168,342
2025-11-16 07:19:40.771720,132,461
2025-11-16 07:19:41.771720,137,436
2025-11-16 07:19:42.771720,136,437
2025-11-16 07:19:43.771720,123,484
2025-11-16 07:19:44.771720,121,493
2025-11-16 07:19:45.771720,138,419
2025-11-16 07:19:46.771720,106,548
2025-11-16 07:19:47.771720,143,409
2025-11-16 07:19:48.771720,147,404
2025-11-16 07:19:49.771720,122,505
2025-11-16 07:19:50.771720,117,505
2025-11-16 07:19:51.771720,164,361
2025-11-16 07:19:52.771720,137,414
2025-11-16 07:19:53.771720,116,518
2025-11-16 07:19:54.771720,140,440
2025-11-16 07:19:55.771720,179,342
2025-11-16 07:19:56.771720,114,539
2025-11-16 07:19:57.771720,188,311
2025-11-16 07:19:58.771720,133,460
2025-11-16 07:19:59.771720,144,433
2025-11-16 07:20:00.771720,154,357
2025-11-16 07:20:01.771720,164,364
2025-11-16 07:20:02.771720,144,428
2025-11-16 07:20:03.771720,151,400
2025-11-16 07:20:04.771720,127,472
2025-11-16 07:20:05.771720,108,555
2025-11-16 07:20:06.771720,175,336
2025-11-16 07:20:07.771720,154,395
2025-11-16 07:20:08.771720,149,397
2025-11-16 07:20:09.771720,114,532
2025-11-16 07:20:10.771720,120,492
2025-11-16 07:20:11.771720,119,520
2025-11-16 07:20:12.771720,119,507
2025-11-16 07:20:13.771720,92,650
2025-11-16 07:20:14.771720,148,395
2025-11-16 07:20:15.771720,119,504
2025-11-16 07:20:16.771720,121,492
2025-11-16 07:20:17.771720,165,374
2025-11-16 07:20:18.771720,134,443
2025-11-16 07:20:19.771720,120,525
2025-11-16 07:20:20.771720,104,542
2025-11-16 07:20:21.771720,166,357
2025-11-16 07:20:22.771720,119,505
2025-11-16 07:20:23.771720,123,485
2025-11-16 07:20:24.771720,138,416
2025-11-16 07:20:25.771720,131,453
2025-11-16 07:20:26.771720,141,420
2025-11-16 07:20:27.771720,113,537
2025-11-16 07:20:28.771720,119,519
2025-11-16 07:20:29.771720,124,489
2025-11-16 07:20:30.771720,145,396
2025-11-16 07:20:31.771720,189,316
2025-11-16 07:20:32.771720,155,384
2025-11-16 07:20:33.771720,190,305
2025-11-16 07:20:34.771720,146,415
2025-11-16 07:20:35.771720,127,484
2025-11-16 07:20:36.771720,131,458
2025-11-16 07:20:37.771720,141,426
2025-11-16 07:20:38.771720,105,554
2025-11-16 07:20:39.771720,158,381
2025-11-16 07:20:40.771720,131,466
2025-11-16 07:20:41.771720,142,436
2025-11-16 07:20:42.771720,158,379
2025-11-16 07:20:43.771720,139,432
2025-11-16 07:20:44.771720,98,628
2025-11-16 07:20:45.771720,161,377
2025-11-16 07:20:46.771720,125,476
2025-11-16 07:20:47.771720,157,379
2025-11-16 07:20:48.771720,138,434
2025-11-16 07:20:49.771720,131,459
2025-11-16 07:20:50.771720,118,506
2025-11-16 07:20:51.771720,125,486
2025-11-16 07:20:52.771720,129,467
2025-11-16 07:20:53.771720,123,484
2025-11-16 07:20:54.771720,118,508
2025-11-16 07:20:55.771720,137,441
2025-11-16 07:20:56.771720,164,358
2025-11-16 07:20:57.771720,111,535
2025-11-16 07:20:58.771720,107,552
2025-11-16 07:20:59.771720,130,462
2025-11-16 07:21:00.771720,145,419
2025-11-16 07:21:01.771720,145,407
2025-11-16 07:21:02.771720,137,432
2025-11-16 07:21:03.771720,120,505
2025-11-16 07:21:04.771720,153,400
2025-11-16 07:21:05.771720,118,519
2025-11-16 07:21:06.771720,99,579
2025-11-16 07:21:07.771720,160,371
2025-11-16 07:21:08.771720,150,412
2025-11-16 07:21:09.771720,124,480
2025-11-16 07:21:10.771720,150,411
2025-11-16 07:21:11.771720,142,422
2025-11-16 07:21:12.771720,130,442
2025-11-16 07:21:13.771720,127,466
2025-11-16 07:21:14.771720,115,490
2025-11-16 07:21:15.771720,123,485
2025-11-16 07:21:16.771720,132,465
2025-11-16 07:21:17.771720,103,588
2025-11-16 07:21:18.771720,136,443
2025-11-16 07:21:19.771720,153,394
2025-11-16 07:21:20.771720,136,441
2025-11-16 07:21:21.771720,178,343
2025-11-16 07:21:22.771720,126,456
2025-11-16 07:21:23.771720,158,373
2025-11-16 07:21:24.771720,152,389
2025-11-16 07:21:25.771720,128,458
2025-11-16 07:21:26.771720,132,459
2025-11-16 07:21:27.771720,166,378
2025-11-16 07:21:28.771720,129,454
2025-11-16 07:21:29.771720,123,497
2025-11-16 07:21:30.771720,143,413
2025-11-16 07:21:31.771720,115,527
2025-11-16 07:21:32.771720,126,497
2025-11-16 07:21:33.771720,116,516
2025-11-16 07:21:34.771720,127,494
2025-11-16 07:21:35.771720,146,413
2025-11-16 07:21:36.771720,150,407
2025-11-16 07:21:37.771720,130,478
2025-11-16 07:21:38.771720,163,369
2025-11-16 07:21:39.771720,128,473
2025-11-16 07:21:40.771720,158,364
2025-11-16 07:21:41.771720,119,507
2025-11-16 07:21:42.771720,185,319
2025-11-16 07:21:43.771720,127,484
2025-11-16 07:21:44.771720,128,453
2025-11-16 07:21:45.771720,167,352
2025-11-16 07:21:46.771720,134,451
2025-11-16 07:21:47.771720,163,362
2025-11-16 07:21:48.771720,154,380
2025-11-16 07:21:49.771720,125,483
2025-11-16 07:21:50.771720,163,372
2025-11-16 07:21:51.771720,116,513
2025-11-16 07:21:52.771720,122,490
2025-11-16 07:21:53.771720,134,453
2025-11-16 07:21:54.771720,115,533
2025-11-16 07:21:55.771720,131,463
2025-11-16 07:21:56.771720,104,575
2025-11-16 07:21:57.771720,154,389
2025-11-16 07:21:58.771720,133,456
2025-11-16 07:21:59.771720,116,508
2025-11-16 07:22:00.771720,147,418
2025-11-16 07:22:01.771720,84,698
2025-11-16 07:22:02.771720,150,401
2025-11-16 07:22:03.771720,155,379
2025-11-16 07:22:04.771720,138,455
2025-11-16 07:22:05.771720,156,384
2025-11-16 07:22:06.771720,126,469
2025-11-16 07:22:07.771720,125,479
2025-11-16 07:22:08.771720,138,439
2025-11-16 07:22:09.771720,156,402
2025-11-16 07:22:10.771720,159,369
2025-11-16 07:22:11.771720,175,352
2025-11-16 07:22:12.771720,121,489
2025-11-16 07:22:13.771720,174,342
2025-11-16 07:22:14.771720,149,399
2025-11-16 07:22:15.771720,170,338
2025-11-16 07:22:16.771720,145,407
2025-11-16 07:22:17.771720,159,372
2025-11-16 07:22:18.771720,170,361
2025-11-16 07:22:19.771720,134,440
2025-11-16 07:22:20.771720,162,370
2025-11-16 07:22:21.771720,165,343
2025-11-16 07:22:22.771720,117,514
2025-11-16 07:22:23.771720,113,543
2025-11-16 07:22:24.771720,142,422
2025-11-16 07:22:25.771720,132,442
2025-11-16 07:22:26.771720,133,426
2025-11-16 07:22:27.771720,171,325
2025-11-16 07:22:28.771720,149,408
2025-11-16 07:22:29.771720,155,408
2025-11-16 07:22:30.771720,149,384
2025-11-16 07:22:31.771720,137,437
2025-11-16 07:22:32.771720,118,503
2025-11-16 07:22:33.771720,153,393
2025-11-16 07:22:34.771720,150,383
2025-11-16 07:22:35.771720,172,348
2025-11-16 07:22:36.771720,157,376
2025-11-16 07:22:37.771720,120,505
2025-11-16 07:22:38.771720,143,409
2025-11-16 07:22:39.771720,120,508
2025-11-16 07:22:40.771720,154,389
2025-11-16 07:22:41.771720,150,402
2025-11-16 07:22:42.771720,153,390
2025-11-16 07:22:43.771720,125,490
2025-11-16 07:22:44.771720,117,522
2025-11-16 07:22:45.771720,135,458
2025-11-16 07:22:46.771720,176,325
2025-11-16 07:22:47.771720,140,433
2025-11-16 07:22:48.771720,151,387
2025-11-16 07:22:49.771720,137,453
2025-11-16 07:22:50.771720,131,456
2025-11-16 07:22:51.771720,132,465
2025-11-16 07:22:52.771720,153,385
2025-11-16 07:22:53.771720,169,345
2025-11-16 07:22:54.771720,121,505
2025-11-16 07:22:55.771720,155,385
2025-11-16 07:22:56.771720,158,387
2025-11-16 07:22:57.771720,133,453
2025-11-16 07:22:58.771720,148,413
2025-11-16 07:22:59.771720,134,455
2025-11-16 07:23:00.771720,149,402
2025-11-16 07:23:01.771720,165,367
2025-11-16 07:23:02.771720,157,375
2025-11-16 07:23:03.771720,140,426
2025-11-16 07:23:04.771720,144,406
2025-11-16 07:23:05.771720,152,405
2025-11-16 07:23:06.771720,145,427
2025-11-16 07:23:07.771720,159,381
2025-11-16 07:23:08.771720,144,408
2025-11-16 07:23:09.771720,136,421
2025-11-16 07:23:10.771720,166,348
2025-11-16 07:23:11.771720,134,425
2025-11-16 07:23:12.771720,118,491
2025-11-16 07:23:13.771720,98,615
2025-11-16 07:23:14.771720,132,459
2025-11-16 07:23:15.771720,151,389
2025-11-16 07:23:16.771720,148,418
2025-11-16 07:23:17.771720,124,490
2025-11-16 07:23:18.771720,178,341
2025-11-16 07:23:19.771720,114,521
2025-11-16 07:23:20.771720,132,427
2025-11-16 07:23:21.771720,155,396
2025-11-16 07:23:22.771720,163,367
2025-11-16 07:23:23.771720,169,364
2025-11-16 07:23:24.771720,130,453
2025-11-16 07:23:25.771720,142,424
2025-11-16 07:23:26.771720,107,558
2025-11-16 07:23:27.771720,124,489
2025-11-16 07:23:28.771720,139,433
2025-11-16 07:23:29.771720,125,475
2025-11-16 07:23:30.771720,145,435
2025-11-16 07:23:31.771720,147,407
2025-11-16 07:23:32.771720,163,356
2025-11-16 07:23:33.771720,135,434
2025-11-16 07:23:34.771720,155,380
2025-11-16 07:23:35.771720,141,415
2025-11-16 07:23:36.771720,120,494
2025-11-16 07:23:37.771720,135,447
2025-11-16 07:23:38.771720,137,426
2025-11-16 07:23:39.771720,114,537
2025-11-16 07:23:40.771720,149,412
2025-11-16 07:23:41.771720,118,510
2025-11-16 07:23:42.771720,134,442
2025-11-16 07:23:43.771720,104,565
2025-11-16 07:23:44.771720,162,375
2025-11-16 07:23:45.771720,136,452
2025-11-16 07:23:46.771720,143,432
2025-11-16 07:23:47.771720,100,611
2025-11-16 07:23:48.771720,139,433
2025-11-16 07:23:49.771720,142,422
2025-11-16 07:23:50.771720,142,420
2025-11-16 07:23:51.771720,111,540
2025-11-16 07:23:52.771720,142,422
2025-11-16 07:23:53.771720,131,443
2025-11-16 07:23:54.771720,140,429
2025-11-16 07:23:55.771720,165,362
2025-11-16 07:23:56.771720,116,526
2025-11-16 07:23:57.771720,190,316
2025-11-16 07:23:58.771720,166,369
2025-11-16 07:23:59.771720,177,333
2025-11-16 07:24:00.771720,128,474
2025-11-16 07:24:01.771720,135,445
2025-11-16 07:24:02.771720,123,485
2025-11-16 07:24:03.771720,143,434
2025-11-16 07:24:04.771720,161,358
2025-11-16 07:24:05.771720,161,373
2025-11-16 07:24:06.771720,157,367
2025-11-16 07:24:07.771720,119,495
2025-11-16 07:24:08.771720,190,312
2025-11-16 07:24:09.771720,156,362
2025-11-16 07:24:10.771720,123,484
2025-11-16 07:24:11.771720,161,373
2025-11-16 07:24:12.771720,108,544
2025-11-16 07:24:13.771720,143,429
2025-11-16 07:24:14.771720,127,474
2025-11-16 07:24:15.771720,154,384
2025-11-16 07:24:16.771720,119,498
2025-11-16 07:24:17.771720,114,524
2025-11-16 07:24:18.771720,124,475
2025-11-16 07:24:19.771720,126,469
2025-11-16 07:24:20.771720,130,472
2025-11-16 07:24:21.771720,137,437
2025-11-16 07:24:22.771720,171,349
2025-11-16 07:24:23.771720,130,470
2025-11-16 07:24:24.771720,134,432
2025-11-16 07:24:25.771720,175,348
2025-11-16 07:24:26.771720,139,446
2025-11-16 07:24:27.771720,111,551
2025-11-16 07:24:28.771720,152,399
2025-11-16 07:24:29.771720,147,430
2025-11-16 07:24:30.771720,140,429
2025-11-16 07:24:31.771720,95,642
2025-11-16 07:24:32.771720,144,416
2025-11-16 07:24:33.771720,144,419
2025-11-16 07:24:34.771720,121,498
2025-11-16 07:24:35.771720,148,401
2025-11-16 07:24:36.771720,160,366
2025-11-16 07:24:37.771720,134,447
2025-11-16 07:24:38.771720,145,431
2025-11-16 07:24:39.771720,156,377
2025-11-16 07:24:40.771720,163,357
2025-11-16 07:24:41.771720,128,492
2025-11-16 07:24:42.771720,112,527
2025-11-16 07:24:43.771720,162,375
2025-11-16 07:24:44.771720,156,398
2025-11-16 07:24:45.771720,136,429
2025-11-16 07:24:46.771720,145,395
2025-11-16 07:24:47.771720,119,492
2025-11-16 07:24:48.771720,138,440
2025-11-16 07:24:49.771720,145,397
2025-11-16 07:24:50.771720,115,521
2025-11-16 07:24:51.771720,129,468
2025-11-16 07:24:52.771720,190,327
2025-11-16 07:24:53.771720,122,482
2025-11-16 07:24:54.771720,148,406
2025-11-16 07:24:55.771720,159,369
2025-11-16 07:24:56.771720,123,481
2025-11-16 07:24:57.771720,109,550
2025-11-16 07:24:58.771720,169,344
2025-11-16 07:24:59.771720,136,441
2025-11-16 07:25:00.771720,154,415
2025-11-16 07:25:01.771720,128,472
2025-11-16 07:25:02.771720,142,427
2025-11-16 07:25:03.771720,168,362
2025-11-16 07:25:04.771720,175,335
2025-11-16 07:25:05.771720,155,387
2025-11-16 07:25:06.771720,153,398
2025-11-16 07:25:07.771720,164,359
2025-11-16 07:25:08.771720,121,494
2025-11-16 07:25:09.771720,168,342
2025-11-16 07:25:10.771720,144,407
2025-11-16 07:25:11.771720,131,468
2025-11-16 07:25:12.771720,156,393
2025-11-16 07:25:13.771720,141,414
2025-11-16 07:25:14.771720,126,482
2025-11-16 07:25:15.771720,120,517
2025-11-16 07:25:16.771720,172,338
2025-11-16 07:25:17.771720,119,504
2025-11-16 07:25:18.771720,149,410
2025-11-16 07:25:19.771720,140,430
2025-11-16 07:25:20.771720,154,401
2025-11-16 07:25:21.771720,169,359
2025-11-16 07:25:22.771720,113,533
2025-11-16 07:25:23.771720,126,485
2025-11-16 07:25:24.771720,115,505
2025-11-16 07:25:25.771720,136,466
2025-11-16 07:25:26.771720,173,342
2025-11-16 07:25:27.771720,113,512
2025-11-16 07:25:28.771720,173,336
2025-11-16 07:25:29.771720,148,409
2025-11-16 07:25:30.771720,151,410
2025-11-16 07:25:31.771720,162,361
2025-11-16 07:25:32.771720,142,422
2025-11-16 07:25:33.771720,156,380
2025-11-16 07:25:34.771720,128,470
2025-11-16 07:25:35.771720,154,406
2025-11-16 07:25:36.771720,114,535
2025-11-16 07:25:37.771720,126,475
2025-11-16 07:25:38.771720,134,459
2025-11-16 07:25:39.771720,127,469
2025-11-16 07:25:40.771720,153,394
2025-11-16 07:25:41.771720,128,467
2025-11-16 07:25:42.771720,167,364
2025-11-16 07:25:43.771720,118,517
2025-11-16 07:25:44.771720,132,453
2025-11-16 07:25:45.771720,110,548
2025-11-16 07:25:46.771720,134,440
2025-11-16 07:25:47.771720,122,480
2025-11-16 07:25:48.771720,122,498
2025-11-16 07:25:49.771720,150,420
2025-11-16 07:25:50.771720,183,318
2025-11-16 07:25:51.771720,145,423
2025-11-16 07:25:52.771720,154,379
2025-11-16 07:25:53.771720,154,373
2025-11-16 07:25:54.771720,114,536
2025-11-16 07:25:55.771720,139,442
2025-11-16 07:25:56.771720,161,370
2025-11-16 07:25:57.771720,138,427
2025-11-16 07:25:58.771720,145,407
2025-11-16 07:25:59.771720,146,405
2025-11-16 07:26:00.771720,176,324
2025-11-16 07:26:01.771720,116,498
2025-11-16 07:26:02.771720,138,445
2025-11-16 07:26:03.771720,128,468
2025-11-16 07:26:04.771720,103,580
2025-11-16 07:26:05.771720,145,404
2025-11-16 07:26:06.771720,156,373
2025-11-16 07:26:07.771720,119,512
2025-11-16 07:26:08.771720,107,564
2025-11-16 07:26:09.771720,95,638
2025-11-16 07:26:10.771720,151,401
2025-11-16 07:26:11.771720,135,440
2025-11-16 07:26:12.771720,117,523
2025-11-16 07:26:13.771720,169,350
2025-11-16 07:26:14.771720,140,428
2025-11-16 07:26:15.771720,120,504
2025-11-16 07:26:16.771720,169,348
2025-11-16 07:26:17.771720,139,435
2025-11-16 07:26:18.771720,129,471
2025-11-16 07:26:19.771720,140,426
2025-11-16 07:26:20.771720,121,484
2025-11-16 07:26:21.771720,152,381
2025-11-16 07:26:22.771720,114,516
2025-11-16 07:26:23.771720,148,384
2025-11-16 07:26:24.771720,141,424
2025-11-16 07:26:25.771720,178,337
2025-11-16 07:26:26.771720,108,554
2025-11-16 07:26:27.771720,142,421
2025-11-16 07:26:28.771720,133,444
2025-11-16 07:26:29.771720,134,441
2025-11-16 07:26:30.771720,95,641
2025-11-16 07:26:31.771720,187,330
2025-11-16 07:26:32.771720,147,424
2025-11-16 07:26:33.771720,152,390
2025-11-16 07:26:34.771720,154,364
2025-11-16 07:26:35.771720,126,467
2025-11-16 07:26:36.771720,134,452
2025-11-16 07:26:37.771720,148,424
2025-11-16 07:26:38.771720,122,502
2025-11-16 07:26:39.771720,111,544
2025-11-16 07:26:40.771720,142,439
2025-11-16 07:26:41.771720,122,491
2025-11-16 07:26:42.771720,114,534
2025-11-16 07:26:43.771720,163,382
2025-11-16 07:26:44.771720,73,836
2025-11-16 07:26:45.771720,150,403
2025-11-16 07:26:46.771720,134,439
2025-11-16 07:26:47.771720,173,361
2025-11-16 07:26:48.771720,109,548
2025-11-16 07:26:49.771720,153,384
2025-11-16 07:26:50.771720,113,531
2025-11-16 07:26:51.771720,139,419
2025-11-16 07:26:52.771720,142,440
2025-11-16 07:26:53.771720,166,342
2025-11-16 07:26:54.771720,131,471
2025-11-16 07:26:55.771720,176,325
2025-11-16 07:26:56.771720,163,362
2025-11-16 07:26:57.771720,150,406
2025-11-16 07:26:58.771720,116,520
2025-11-16 07:26:59.771720,146,405
2025-11-16 07:27:00.771720,155,382
2025-11-16 07:27:01.771720,154,377
2025-11-16 07:27:02.771720,161,376
2025-11-16 07:27:03.771720,166,355
2025-11-16 07:27:04.771720,125,465
2025-11-16 07:27:05.771720,121,483
2025-11-16 07:27:06.771720,166,349
2025-11-16 07:27:07.771720,120,490
2025-11-16 07:27:08.771720,172,354
2025-11-16 07:27:09.771720,190,320
2025-11-16 07:27:10.771720,154,388
2025-11-16 07:27:11.771720,115,502
2025-11-16 07:27:12.771720,181,331
2025-11-16 07:27:13.771720,143,437
2025-11-16 07:27:14.771720,160,371
2025-11-16 07:27:15.771720,151,403
2025-11-16 07:27:16.771720,167,364
2025-11-16 07:27:17.771720,167,373
2025-11-16 07:27:18.771720,158,371
2025-11-16 07:27:19.771720,149,384
2025-11-16 07:27:20.771720,146,402
2025-11-16 07:27:21.771720,129,474
2025-11-16 07:27:22.771720,97,617
2025-11-16 07:27:23.771720,144,410
2025-11-16 07:27:24.771720,148,409
2025-11-16 07:27:25.771720,139,435
2025-11-16 07:27:26.771720,150,418
2025-11-16 07:27:27.771720,140,430
2025-11-16 07:27:28.771720,140,428
2025-11-16 07:27:29.771720,138,430
2025-11-16 07:27:30.771720,133,457
2025-11-16 07:27:31.771720,156,381
2025-11-16 07:27:32.771720,132,461
2025-11-16 07:27:33.771720,149,420
2025-11-16 07:27:34.771720,157,412
2025-11-16 07:27:35.771720,121,515
2025-11-16 07:27:36.771720,118,507
2025-11-16 07:27:37.771720,154,385
2025-11-16 07:27:38.771720,178,346
2025-11-16 07:27:39.771720,141,434
2025-11-16 07:27:40.771720,154,390
2025-11-16 07:27:41.771720,158,379
2025-11-16 07:27:42.771720,162,366
2025-11-16 07:27:43.771720,171,366
2025-11-16 07:27:44.771720,113,523
2025-11-16 07:27:45.771720,154,408
2025-11-16 07:27:46.771720,129,467
2025-11-16 07:27:47.771720,134,447
2025-11-16 07:27:48.771720,126,491
2025-11-16 07:27:49.771720,126,480
2025-11-16 07:27:50.771720,148,400
2025-11-16 07:27:51.771720,130,463
2025-11-16 07:27:52.771720,130,458
2025-11-16 07:27:53.771720,116,515
2025-11-16 07:27:54.771720,151,379
2025-11-16 07:27:55.771720,155,397
2025-11-16 07:27:56.771720,103,569
2025-11-16 07:27:57.771720,154,406
2025-11-16 07:27:58.771720,190,302
2025-11-16 07:27:59.771720,106,566
2025-11-16 07:28:00.771720,115,525
2025-11-16 07:28:01.771720,133,436
2025-11-16 07:28:02.771720,165,357
2025-11-16 07:28:03.771720,145,425
2025-11-16 07:28:04.771720,121,503
2025-11-16 07:28:05.771720,138,439
2025-11-16 07:28:06.771720,109,569
2025-11-16 07:28:07.771720,151,397
2025-11-16 07:28:08.771720,115,528
2025-11-16 07:28:09.771720,159,392
2025-11-16 07:28:10.771720,121,496
2025-11-16 07:28:11.771720,136,440
2025-11-16 07:28:12.771720,107,548
2025-11-16 07:28:13.771720,142,420
2025-11-16 07:28:14.771720,135,458
2025-11-16 07:28:15.771720,153,390
2025-11-16 07:28:16.771720,117,512
2025-11-16 07:28:17.771720,149,402
2025-11-16 07:28:18.771720,120,498
2025-11-16 07:28:19.771720,153,397
2025-11-16 07:28:20.771720,152,388
2025-11-16 07:28:21.771720,135,434
2025-11-16 07:28:22.771720,124,469
2025-11-16 07:28:23.771720,154,379
2025-11-16 07:28:24.771720,139,423
2025-11-16 07:28:25.771720,134,447
2025-11-16 07:28:26.771720,146,426
2025-11-16 07:28:27.771720,127,473
2025-11-16 07:28:28.771720,152,402
2025-11-16 07:28:29.771720,136,429
2025-11-16 07:28:30.771720,169,344
2025-11-16 07:28:31.771720,124,477
2025-11-16 07:28:32.771720,186,322
2025-11-16 07:28:33.771720,150,410
2025-11-16 07:28:34.771720,156,382
2025-11-16 07:28:35.771720,128,474
2025-11-16 07:28:36.771720,124,489
2025-11-16 07:28:37.771720,164,356
2025-11-16 07:28:38.771720,125,486
2025-11-16 07:28:39.771720,156,377
2025-11-16 07:28:40.771720,117,514
2025-11-16 07:28:41.771720,115,535
2025-11-16 07:28:42.771720,129,479
2025-11-16 07:28:43.771720,120,489
2025-11-16 07:28:44.771720,132,432
2025-11-16 07:28:45.771720,156,379
2025-11-16 07:28:46.771720,147,411
2025-11-16 07:28:47.771720,153,393
2025-11-16 07:28:48.771720,131,440
2025-11-16 07:28:49.771720,126,476
2025-11-16 07:28:50.771720,190,306
2025-11-16 07:28:51.771720,134,444
2025-11-16 07:28:52.771720,133,449
2025-11-16 07:28:53.771720,167,356
2025-11-16 07:28:54.771720,160,390
2025-11-16 07:28:55.771720,143,428
2025-11-16 07:28:56.771720,129,455
2025-11-16 07:28:57.771720,137,444
2025-11-16 07:28:58.771720,165,355
2025-11-16 07:28:59.771720,129,470
2025-11-16 07:29:00.771720,158,395
2025-11-16 07:29:01.771720,133,455
2025-11-16 07:29:02.771720,116,511
2025-11-16 07:29:03.771720,112,539
2025-11-16 07:29:04.771720,129,463
2025-11-16 07:29:05.771720,136,443
2025-11-16 07:29:06.771720,172,345
2025-11-16 07:29:07.771720,144,413
2025-11-16 07:29:08.771720,144,411
2025-11-16 07:29:09.771720,154,394
2025-11-16 07:29:10.771720,142,409
2025-11-16 07:29:11.771720,154,407
2025-11-16 07:29:12.771720,121,481
2025-11-16 07:29:13.771720,144,418
2025-11-16 07:29:14.771720,135,458
2025-11-16 07:29:15.771720,133,476
2025-11-16 07:29:16.771720,130,455
2025-11-16 07:29:17.771720,128,477
2025-11-16 07:29:18.771720,144,412
2025-11-16 07:29:19.771720,138,446
2025-11-16 07:29:20.771720,123,485
2025-11-16 07:29:21.771720,157,376
2025-11-16 07:29:22.771720,102,595
2025-11-16 07:29:23.771720,147,431
2025-11-16 07:29:24.771720,179,341
2025-11-16 07:29:25.771720,137,431
2025-11-16 07:29:26.771720,85,695
2025-11-16 07:29:27.771720,120,503
2025-11-16 07:29:28.771720,141,409
2025-11-16 07:29:29.771720,134,443
2025-11-16 07:29:30.771720,147,408
2025-11-16 07:29:31.771720,120,495
2025-11-16 07:29:32.771720,96,619
2025-11-16 07:29:33.771720,158,358
2025-11-16 07:29:34.771720,146,416
2025-11-16 07:29:35.771720,138,432
2025-11-16 07:29:36.771720,148,412
2025-11-16 07:29:37.771720,163,370
2025-11-16 07:29:38.771720,122,482
2025-11-16 07:29:39.771720,158,369
2025-11-16 07:29:40.771720,148,415
2025-11-16 07:29:41.771720,168,343
2025-11-16 07:29:42.771720,128,466
2025-11-16 07:29:43.771720,124,489
2025-11-16 07:29:44.771720,162,373
2025-11-16 07:29:45.771720,113,553
2025-11-16 07:29:46.771720,158,393
2025-11-16 07:29:47.771720,130,469
2025-11-16 07:29:48.771720,175,334
2025-11-16 07:29:49.771720,162,364
2025-11-16 07:29:50.771720,124,497
2025-11-16 07:29:51.771720,92,632
2025-11-16 07:29:52.771720,133,464
2025-11-16 07:29:53.771720,134,447
2025-11-16 07:29:54.771720,124,475
2025-11-16 07:29:55.771720,155,386
2025-11-16 07:29:56.771720,141,430
2025-11-16 07:29:57.771720,156,388
2025-11-16 07:29:58.771720,165,357
2025-11-16 07:29:59.771720,129,469
2025-11-16 07:30:00.771720,161,371
