timestamp,bpm,rr_ms,spo2,sleep_stage
2025-11-17 00:00:00,77,791,97,0
2025-11-17 00:01:00,63,982,99,0
2025-11-17 00:02:00,62,971,99,0
2025-11-17 00:03:00,56,1054,95,0
2025-11-17 00:04:00,70,857,96,0
2025-11-17 00:05:00,81,762,98,0
2025-11-17 00:06:00,64,927,95,0
2025-11-17 00:07:00,82,710,99,0
2025-11-17 00:08:00,72,848,99,0
2025-11-17 00:09:00,65,910,98,0
2025-11-17 00:10:00,58,1029,98,0
2025-11-17 00:11:00,52,1163,97,0
2025-11-17 00:12:00,58,1031,95,0
2025-11-17 00:13:00,66,920,99,0
2025-11-17 00:14:00,84,694,98,0
2025-11-17 00:15:00,76,789,96,0
2025-11-17 00:16:00,68,886,96,0
2025-11-17 00:17:00,77,808,96,0
2025-11-17 00:18:00,71,843,96,0
2025-11-17 00:19:00,69,830,99,0
2025-11-17 00:20:00,75,748,99,0
2025-11-17 00:21:00,49,1248,95,0
2025-11-17 00:22:00,59,1003,95,0
2025-11-17 00:23:00,57,1068,98,0
2025-11-17 00:24:00,69,868,98,0
2025-11-17 00:25:00,71,857,99,0
2025-11-17 00:26:00,72,874,99,0
2025-11-17 00:27:00,56,1072,95,0
2025-11-17 00:28:00,61,992,95,0
2025-11-17 00:29:00,56,1071,99,0
2025-11-17 00:30:00,73,829,96,0
2025-11-17 00:31:00,62,963,96,0
2025-11-17 00:32:00,80,753,98,0
2025-11-17 00:33:00,59,982,98,0
2025-11-17 00:34:00,76,777,96,0
2025-11-17 00:35:00,44,1364,95,0
2025-11-17 00:36:00,72,794,95,0
2025-11-17 00:37:00,61,960,99,0
2025-11-17 00:38:00,76,765,99,0
2025-11-17 00:39:00,78,750,98,0
2025-11-17 00:40:00,65,918,97,0
2025-11-17 00:41:00,59,1010,99,0
2025-11-17 00:42:00,68,891,97,0
2025-11-17 00:43:00,69,879,95,0
2025-11-17 00:44:00,55,1109,99,0
2025-11-17 00:45:00,52,1189,99,0
2025-11-17 00:46:00,60,1017,99,0
2025-11-17 00:47:00,74,811,99,0
2025-11-17 00:48:00,69,881,97,0
2025-11-17 00:49:00,55,1099,97,0
2025-11-17 00:50:00,79,776,97,0
2025-11-17 00:51:00,69,877,96,0
2025-11-17 00:52:00,68,882,99,0
2025-11-17 00:53:00,53,1138,95,0
2025-11-17 00:54:00,104,575,95,0
2025-11-17 00:55:00,81,737,95,0
2025-11-17 00:56:00,83,706,96,0
2025-11-17 00:57:00,77,768,98,0
2025-11-17 00:58:00,55,1077,99,0
2025-11-17 00:59:00,78,782,95,0
2025-11-17 01:00:00,63,982,97,0
2025-11-17 01:01:00,70,880,95,0
2025-11-17 01:02:00,63,952,95,0
2025-11-17 01:03:00,69,861,97,0
2025-11-17 01:04:00,80,762,97,0
2025-11-17 01:05:00,81,718,95,0
2025-11-17 01:06:00,61,992,97,0
2025-11-17 01:07:00,80,744,99,0
2025-11-17 01:08:00,77,808,98,0
2025-11-17 01:09:00,77,802,95,0
2025-11-17 01:10:00,60,1002,99,0
2025-11-17 01:11:00,65,905,97,0
2025-11-17 01:12:00,77,799,96,0
2025-11-17 01:13:00,74,783,95,0
2025-11-17 01:14:00,58,957,95,0
2025-11-17 01:15:00,69,862,98,0
2025-11-17 01:16:00,57,1005,97,0
2025-11-17 01:17:00,84,714,98,0
2025-11-17 01:18:00,89,669,95,0
2025-11-17 01:19:00,67,882,97,0
2025-11-17 01:20:00,51,1195,98,0
2025-11-17 01:21:00,56,1051,97,0
2025-11-17 01:22:00,86,705,99,0
2025-11-17 01:23:00,79,736,99,0
2025-11-17 01:24:00,79,777,96,0
2025-11-17 01:25:00,70,877,97,0
2025-11-17 01:26:00,88,652,96,0
2025-11-17 01:27:00,67,895,99,0
2025-11-17 01:28:00,71,846,97,0
2025-11-17 01:29:00,76,810,96,0
2025-11-17 01:30:00,52,1194,96,0
2025-11-17 01:31:00,85,703,98,0
2025-11-17 01:32:00,78,758,98,0
2025-11-17 01:33:00,77,774,97,0
2025-11-17 01:34:00,74,806,96,0
2025-11-17 01:35:00,71,860,97,0
2025-11-17 01:36:00,60,1010,98,0
2025-11-17 01:37:00,68,898,98,0
2025-11-17 01:38:00,72,835,98,0
2025-11-17 01:39:00,74,808,97,0
2025-11-17 01:40:00,81,750,98,0
2025-11-17 01:41:00,71,826,96,0
2025-11-17 01:42:00,64,939,95,0
2025-11-17 01:43:00,79,738,99,0
2025-11-17 01:44:00,57,1079,95,0
2025-11-17 01:45:00,66,881,95,0
2025-11-17 01:46:00,73,840,95,0
2025-11-17 01:47:00,71,881,95,0
2025-11-17 01:48:00,53,1155,95,0
2025-11-17 01:49:00,74,844,97,0
2025-11-17 01:50:00,66,932,96,0
2025-11-17 01:51:00,94,613,99,0
2025-11-17 01:52:00,71,829,98,0
2025-11-17 01:53:00,70,862,96,0
2025-11-17 01:54:00,74,793,95,0
2025-11-17 01:55:00,77,784,99,0
2025-11-17 01:56:00,61,992,97,0
2025-11-17 01:57:00,57,1044,98,0
2025-11-17 01:58:00,74,783,98,0
2025-11-17 01:59:00,70,857,99,0
2025-11-17 02:00:00,67,880,96,0
2025-11-17 02:01:00,69,854,96,0
2025-11-17 02:02:00,71,811,99,0
2025-11-17 02:03:00,84,741,96,0
2025-11-17 02:04:00,71,840,98,0
2025-11-17 02:05:00,70,858,97,0
2025-11-17 02:06:00,79,775,96,0
2025-11-17 02:07:00,69,854,98,0
2025-11-17 02:08:00,76,763,96,0
2025-11-17 02:09:00,89,656,95,0
2025-11-17 02:10:00,61,968,96,0
2025-11-17 02:11:00,62,981,99,0
2025-11-17 02:12:00,67,893,97,0
2025-11-17 02:13:00,65,929,99,0
2025-11-17 02:14:00,73,832,96,0
2025-11-17 02:15:00,79,737,95,0
2025-11-17 02:16:00,78,762,97,0
2025-11-17 02:17:00,61,1006,99,0
2025-11-17 02:18:00,67,914,95,0
2025-11-17 02:19:00,75,820,98,0
2025-11-17 02:20:00,77,788,96,0
2025-11-17 02:21:00,75,821,97,0
2025-11-17 02:22:00,70,862,97,0
2025-11-17 02:23:00,58,1023,99,0
2025-11-17 02:24:00,69,860,98,0
2025-11-17 02:25:00,57,1068,95,0
2025-11-17 02:26:00,70,841,96,0
2025-11-17 02:27:00,68,835,98,0
2025-11-17 02:28:00,67,901,96,0
2025-11-17 02:29:00,59,1053,96,0
2025-11-17 02:30:00,65,898,97,0
2025-11-17 02:31:00,70,888,95,0
2025-11-17 02:32:00,66,922,96,0
2025-11-17 02:33:00,59,1000,99,0
2025-11-17 02:34:00,65,902,95,0
2025-11-17 02:35:00,78,749,99,0
2025-11-17 02:36:00,71,841,99,0
2025-11-17 02:37:00,80,773,98,0
2025-11-17 02:38:00,76,789,98,0
2025-11-17 02:39:00,64,942,95,0
2025-11-17 02:40:00,71,838,99,0
2025-11-17 02:41:00,70,867,97,0
2025-11-17 02:42:00,67,889,95,0
2025-11-17 02:43:00,69,888,96,0
2025-11-17 02:44:00,77,750,95,0
2025-11-17 02:45:00,59,1001,97,0
2025-11-17 02:46:00,85,698,96,0
2025-11-17 02:47:00,76,791,95,0
2025-11-17 02:48:00,71,828,97,0
2025-11-17 02:49:00,78,774,99,0
2025-11-17 02:50:00,61,997,97,0
2025-11-17 02:51:00,74,798,97,0
2025-11-17 02:52:00,68,883,97,0
2025-11-17 02:53:00,67,882,95,0
2025-11-17 02:54:00,67,896,96,0
2025-11-17 02:55:00,80,695,98,0
2025-11-17 02:56:00,39,1543,96,0
2025-11-17 02:57:00,86,704,95,0
2025-11-17 02:58:00,77,779,96,0
2025-11-17 02:59:00,68,910,97,0
2025-11-17 03:00:00,83,734,97,0
2025-11-17 03:01:00,70,838,99,0
2025-11-17 03:02:00,76,771,98,0
2025-11-17 03:03:00,73,799,95,0
2025-11-17 03:04:00,58,1066,99,0
2025-11-17 03:05:00,65,923,98,0
2025-11-17 03:06:00,65,936,95,0
2025-11-17 03:07:00,46,1323,96,0
2025-11-17 03:08:00,76,800,99,0
2025-11-17 03:09:00,77,804,99,0
2025-11-17 03:10:00,69,868,95,0
2025-11-17 03:11:00,76,821,99,0
2025-11-17 03:12:00,65,919,97,0
2025-11-17 03:13:00,48,1236,98,0
2025-11-17 03:14:00,81,735,96,0
2025-11-17 03:15:00,64,959,99,0
2025-11-17 03:16:00,54,1162,98,0
2025-11-17 03:17:00,70,849,98,0
2025-11-17 03:18:00,85,735,98,0
2025-11-17 03:19:00,61,985,98,0
2025-11-17 03:20:00,67,914,97,0
2025-11-17 03:21:00,67,950,99,0
2025-11-17 03:22:00,79,732,98,0
2025-11-17 03:23:00,76,801,95,0
2025-11-17 03:24:00,70,857,95,0
2025-11-17 03:25:00,47,1308,95,0
2025-11-17 03:26:00,62,949,98,0
2025-11-17 03:27:00,73,804,97,0
2025-11-17 03:28:00,61,994,99,0
2025-11-17 03:29:00,59,1043,96,0
2025-11-17 03:30:00,76,805,97,0
2025-11-17 03:31:00,75,795,99,0
2025-11-17 03:32:00,51,1148,98,0
2025-11-17 03:33:00,71,815,99,0
2025-11-17 03:34:00,83,744,98,0
2025-11-17 03:35:00,46,1323,96,0
2025-11-17 03:36:00,59,1053,98,0
2025-11-17 03:37:00,67,935,96,0
2025-11-17 03:38:00,64,940,97,0
2025-11-17 03:39:00,93,648,96,0
2025-11-17 03:40:00,61,972,96,0
2025-11-17 03:41:00,83,723,96,0
2025-11-17 03:42:00,85,685,96,0
2025-11-17 03:43:00,79,790,95,0
2025-11-17 03:44:00,55,1093,96,0
2025-11-17 03:45:00,72,811,97,0
2025-11-17 03:46:00,74,856,99,0
2025-11-17 03:47:00,73,822,96,0
2025-11-17 03:48:00,58,990,98,0
2025-11-17 03:49:00,76,816,98,0
2025-11-17 03:50:00,59,1007,95,0
2025-11-17 03:51:00,66,913,97,0
2025-11-17 03:52:00,75,800,99,0
2025-11-17 03:53:00,75,798,98,0
2025-11-17 03:54:00,63,976,97,0
2025-11-17 03:55:00,67,902,97,0
2025-11-17 03:56:00,69,867,99,0
2025-11-17 03:57:00,73,815,96,0
2025-11-17 03:58:00,63,951,97,0
2025-11-17 03:59:00,65,925,98,0
2025-11-17 04:00:00,67,862,98,0
2025-11-17 04:01:00,56,1063,98,0
2025-11-17 04:02:00,68,854,99,0
2025-11-17 04:03:00,63,951,96,0
2025-11-17 04:04:00,62,973,96,0
2025-11-17 04:05:00,73,784,98,0
2025-11-17 04:06:00,57,1059,97,0
2025-11-17 04:07:00,70,848,98,0
2025-11-17 04:08:00,68,893,98,0
2025-11-17 04:09:00,80,763,98,0
2025-11-17 04:10:00,64,936,95,0
2025-11-17 04:11:00,59,1010,97,0
2025-11-17 04:12:00,59,1016,99,0
2025-11-17 04:13:00,74,805,96,0
2025-11-17 04:14:00,60,1012,99,0
2025-11-17 04:15:00,69,876,97,0
2025-11-17 04:16:00,69,896,99,0
2025-11-17 04:17:00,78,752,99,0
2025-11-17 04:18:00,72,846,96,0
2025-11-17 04:19:00,61,969,96,0
2025-11-17 04:20:00,63,978,95,0
2025-11-17 04:21:00,68,870,95,0
2025-11-17 04:22:00,68,860,95,0
2025-11-17 04:23:00,78,760,95,0
2025-11-17 04:24:00,90,610,95,0
2025-11-17 04:25:00,75,814,99,0
2025-11-17 04:26:00,59,1019,96,0
2025-11-17 04:27:00,70,820,96,0
2025-11-17 04:28:00,65,919,97,0
2025-11-17 04:29:00,83,711,95,0
2025-11-17 04:30:00,64,931,97,0
2025-11-17 04:31:00,44,1355,99,0
2025-11-17 04:32:00,78,780,96,0
2025-11-17 04:33:00,79,758,97,0
2025-11-17 04:34:00,61,967,96,0
2025-11-17 04:35:00,54,1086,98,0
2025-11-17 04:36:00,62,974,96,0
2025-11-17 04:37:00,82,753,98,0
2025-11-17 04:38:00,76,814,96,0
2025-11-17 04:39:00,70,857,97,0
2025-11-17 04:40:00,73,792,98,0
2025-11-17 04:41:00,54,1111,99,0
2025-11-17 04:42:00,68,886,99,0
2025-11-17 04:43:00,71,899,99,0
2025-11-17 04:44:00,72,829,96,0
2025-11-17 04:45:00,68,909,95,0
2025-11-17 04:46:00,69,851,97,0
2025-11-17 04:47:00,68,881,98,0
2025-11-17 04:48:00,75,781,97,0
2025-11-17 04:49:00,60,1002,97,0
2025-11-17 04:50:00,91,667,95,0
2025-11-17 04:51:00,66,908,99,0
2025-11-17 04:52:00,84,716,99,0
2025-11-17 04:53:00,78,747,97,0
2025-11-17 04:54:00,86,673,99,0
2025-11-17 04:55:00,84,748,97,0
2025-11-17 04:56:00,77,776,95,0
2025-11-17 04:57:00,64,957,98,0
2025-11-17 04:58:00,73,833,96,0
2025-11-17 04:59:00,82,770,95,0
2025-11-17 05:00:00,76,778,95,0
2025-11-17 05:01:00,86,692,95,0
2025-11-17 05:02:00,61,1017,95,0
2025-11-17 05:03:00,80,738,98,0
2025-11-17 05:04:00,64,938,96,0
2025-11-17 05:05:00,78,783,95,0
2025-11-17 05:06:00,60,985,95,0
2025-11-17 05:07:00,80,748,98,0
2025-11-17 05:08:00,68,882,98,0
2025-11-17 05:09:00,67,848,98,0
2025-11-17 05:10:00,71,850,97,0
2025-11-17 05:11:00,63,971,99,0
2025-11-17 05:12:00,70,855,96,0
2025-11-17 05:13:00,65,910,99,0
2025-11-17 05:14:00,78,752,98,0
2025-11-17 05:15:00,68,873,97,0
2025-11-17 05:16:00,62,988,96,0
2025-11-17 05:17:00,59,1023,98,0
2025-11-17 05:18:00,77,816,96,0
2025-11-17 05:19:00,61,992,99,0
2025-11-17 05:20:00,52,1180,96,0
2025-11-17 05:21:00,73,797,99,0
2025-11-17 05:22:00,75,806,98,0
2025-11-17 05:23:00,75,798,95,0
2025-11-17 05:24:00,72,860,99,0
2025-11-17 05:25:00,35,1697,96,0
2025-11-17 05:26:00,76,798,99,0
2025-11-17 05:27:00,83,699,99,0
2025-11-17 05:28:00,61,954,95,0
2025-11-17 05:29:00,80,769,95,0
2025-11-17 05:30:00,52,1142,98,0
2025-11-17 05:31:00,73,884,98,0
2025-11-17 05:32:00,59,977,97,0
2025-11-17 05:33:00,69,883,99,0
2025-11-17 05:34:00,81,717,95,0
2025-11-17 05:35:00,79,748,99,0
2025-11-17 05:36:00,80,733,98,0
2025-11-17 05:37:00,66,921,97,0
2025-11-17 05:38:00,58,1019,99,0
2025-11-17 05:39:00,56,1053,98,0
2025-11-17 05:40:00,74,843,96,0
2025-11-17 05:41:00,77,774,95,0
2025-11-17 05:42:00,61,978,96,0
2025-11-17 05:43:00,69,876,95,0
2025-11-17 05:44:00,71,827,95,0
2025-11-17 05:45:00,79,777,97,0
2025-11-17 05:46:00,71,862,98,0
2025-11-17 05:47:00,78,765,98,0
2025-11-17 05:48:00,75,791,99,0
2025-11-17 05:49:00,87,686,95,0
2025-11-17 05:50:00,71,830,98,0
2025-11-17 05:51:00,92,667,97,0
2025-11-17 05:52:00,51,1154,97,0
2025-11-17 05:53:00,75,796,96,0
2025-11-17 05:54:00,66,909,95,0
2025-11-17 05:55:00,79,752,99,0
2025-11-17 05:56:00,52,1167,95,0
2025-11-17 05:57:00,75,782,99,0
2025-11-17 05:58:00,84,735,95,0
2025-11-17 05:59:00,69,869,97,0
2025-11-17 06:00:00,81,752,99,0
2025-11-17 06:01:00,89,667,95,0
2025-11-17 06:02:00,60,963,99,0
2025-11-17 06:03:00,47,1296,99,0
2025-11-17 06:04:00,52,1121,95,0
2025-11-17 06:05:00,55,1074,99,0
2025-11-17 06:06:00,56,1080,95,0
2025-11-17 06:07:00,62,967,99,0
2025-11-17 06:08:00,64,950,96,0
2025-11-17 06:09:00,79,756,99,0
2025-11-17 06:10:00,63,963,96,0
2025-11-17 06:11:00,60,1024,97,0
2025-11-17 06:12:00,67,928,97,0
2025-11-17 06:13:00,67,805,97,0
2025-11-17 06:14:00,63,952,99,0
2025-11-17 06:15:00,72,823,99,0
2025-11-17 06:16:00,61,982,97,0
2025-11-17 06:17:00,71,841,98,0
2025-11-17 06:18:00,67,901,99,0
2025-11-17 06:19:00,88,677,97,0
2025-11-17 06:20:00,76,767,98,0
2025-11-17 06:21:00,66,891,99,0
2025-11-17 06:22:00,61,968,99,0
2025-11-17 06:23:00,67,863,96,0
2025-11-17 06:24:00,62,937,95,0
2025-11-17 06:25:00,85,710,96,0
2025-11-17 06:26:00,61,986,99,0
2025-11-17 06:27:00,85,727,95,0
2025-11-17 06:28:00,56,1062,98,0
2025-11-17 06:29:00,85,718,96,0
2025-11-17 06:30:00,84,747,97,0
2025-11-17 06:31:00,71,861,99,0
2025-11-17 06:32:00,75,812,96,0
2025-11-17 06:33:00,70,860,97,0
2025-11-17 06:34:00,87,713,98,0
2025-11-17 06:35:00,71,832,96,0
2025-11-17 06:36:00,56,1069,96,0
2025-11-17 06:37:00,64,955,96,0
2025-11-17 06:38:00,56,1099,95,0
2025-11-17 06:39:00,73,813,96,0
2025-11-17 06:40:00,58,1045,99,0
2025-11-17 06:41:00,83,694,96,0
2025-11-17 06:42:00,65,943,99,0
2025-11-17 06:43:00,68,883,97,0
2025-11-17 06:44:00,50,1188,96,0
2025-11-17 06:45:00,63,928,97,0
2025-11-17 06:46:00,48,1262,97,0
2025-11-17 06:47:00,75,768,96,0
2025-11-17 06:48:00,88,693,95,0
2025-11-17 06:49:00,74,789,95,0
2025-11-17 06:50:00,64,934,97,0
2025-11-17 06:51:00,66,929,98,0
2025-11-17 06:52:00,70,864,99,0
2025-11-17 06:53:00,70,852,95,0
2025-11-17 06:54:00,60,1000,99,0
2025-11-17 06:55:00,81,727,97,0
2025-11-17 06:56:00,80,766,95,0
2025-11-17 06:57:00,57,1084,97,0
2025-11-17 06:58:00,84,707,98,0
2025-11-17 06:59:00,81,731,99,0
2025-11-17 07:00:00,74,818,98,0
2025-11-17 07:01:00,67,853,96,0
2025-11-17 07:02:00,63,978,99,0
2025-11-17 07:03:00,74,839,99,0
2025-11-17 07:04:00,75,809,96,0
2025-11-17 07:05:00,84,692,96,0
2025-11-17 07:06:00,86,719,99,0
2025-11-17 07:07:00,72,794,99,0
2025-11-17 07:08:00,49,1192,97,0
2025-11-17 07:09:00,97,625,95,0
2025-11-17 07:10:00,77,771,96,0
2025-11-17 07:11:00,66,894,97,0
2025-11-17 07:12:00,76,774,95,0
2025-11-17 07:13:00,65,925,99,0
2025-11-17 07:14:00,66,930,96,0
2025-11-17 07:15:00,58,1019,97,0
2025-11-17 07:16:00,85,693,99,0
2025-11-17 07:17:00,66,945,95,0
2025-11-17 07:18:00,68,871,96,0
2025-11-17 07:19:00,85,683,98,0
2025-11-17 07:20:00,84,741,97,0
2025-11-17 07:21:00,63,946,97,0
2025-11-17 07:22:00,64,961,96,0
2025-11-17 07:23:00,63,962,97,0
2025-11-17 07:24:00,76,791,98,0
2025-11-17 07:25:00,74,786,99,0
2025-11-17 07:26:00,67,902,99,0
2025-11-17 07:27:00,77,790,95,0
2025-11-17 07:28:00,50,1204,96,0
2025-11-17 07:29:00,53,1122,98,0
2025-11-17 07:30:00,62,953,97,0
2025-11-17 07:31:00,62,1012,98,0
2025-11-17 07:32:00,52,1145,96,0
2025-11-17 07:33:00,66,919,96,0
2025-11-17 07:34:00,71,846,96,0
2025-11-17 07:35:00,76,777,97,0
2025-11-17 07:36:00,74,877,95,0
2025-11-17 07:37:00,60,997,96,0
2025-11-17 07:38:00,67,939,98,0
2025-11-17 07:39:00,57,1071,97,0
2025-11-17 07:40:00,52,1168,97,0
2025-11-17 07:41:00,79,757,99,0
2025-11-17 07:42:00,59,995,97,0
2025-11-17 07:43:00,71,866,96,0
2025-11-17 07:44:00,87,663,96,0
2025-11-17 07:45:00,89,688,98,0
2025-11-17 07:46:00,93,635,97,0
2025-11-17 07:47:00,74,817,99,0
2025-11-17 07:48:00,47,1240,95,0
2025-11-17 07:49:00,76,788,99,0
2025-11-17 07:50:00,68,894,96,0
2025-11-17 07:51:00,77,749,98,0
2025-11-17 07:52:00,73,813,96,0
2025-11-17 07:53:00,74,787,96,0
2025-11-17 07:54:00,60,994,95,0
2025-11-17 07:55:00,55,1122,97,0
2025-11-17 07:56:00,63,966,96,0
2025-11-17 07:57:00,88,698,97,0
2025-11-17 07:58:00,64,901,97,0
2025-11-17 07:59:00,73,796,97,0
2025-11-17 08:00:00,65,942,95,0
2025-11-17 08:01:00,77,783,95,0
2025-11-17 08:02:00,64,899,99,0
2025-11-17 08:03:00,53,1124,99,0
2025-11-17 08:04:00,74,797,96,0
2025-11-17 08:05:00,69,871,97,0
2025-11-17 08:06:00,70,849,98,0
2025-11-17 08:07:00,75,781,99,0
2025-11-17 08:08:00,77,787,99,0
2025-11-17 08:09:00,69,885,95,0
2025-11-17 08:10:00,72,839,99,0
2025-11-17 08:11:00,71,821,99,0
2025-11-17 08:12:00,75,814,95,0
2025-11-17 08:13:00,79,783,95,0
2025-11-17 08:14:00,82,718,96,0
2025-11-17 08:15:00,90,675,97,0
2025-11-17 08:16:00,54,1135,96,0
2025-11-17 08:17:00,75,826,99,0
2025-11-17 08:18:00,73,803,96,0
2025-11-17 08:19:00,69,868,97,0
2025-11-17 08:20:00,61,987,98,0
2025-11-17 08:21:00,81,743,97,0
2025-11-17 08:22:00,82,707,98,0
2025-11-17 08:23:00,58,1051,99,0
2025-11-17 08:24:00,53,1136,95,0
2025-11-17 08:25:00,65,946,97,0
2025-11-17 08:26:00,65,958,95,0
2025-11-17 08:27:00,69,882,95,0
2025-11-17 08:28:00,72,840,95,0
2025-11-17 08:29:00,49,1235,95,0
2025-11-17 08:30:00,52,1183,98,0
2025-11-17 08:31:00,72,832,96,0
2025-11-17 08:32:00,60,1017,97,0
2025-11-17 08:33:00,57,1067,99,0
2025-11-17 08:34:00,50,1197,98,0
2025-11-17 08:35:00,64,943,97,0
2025-11-17 08:36:00,71,839,98,0
2025-11-17 08:37:00,75,814,97,0
2025-11-17 08:38:00,68,858,95,0
2025-11-17 08:39:00,79,777,99,0
2025-11-17 08:40:00,69,884,95,0
2025-11-17 08:41:00,57,1024,99,0
2025-11-17 08:42:00,73,840,98,0
2025-11-17 08:43:00,56,1058,99,0
2025-11-17 08:44:00,86,676,97,0
2025-11-17 08:45:00,64,923,95,0
2025-11-17 08:46:00,72,794,98,0
2025-11-17 08:47:00,68,872,99,0
2025-11-17 08:48:00,64,942,95,0
2025-11-17 08:49:00,58,1038,96,0
2025-11-17 08:50:00,56,1065,99,0
2025-11-17 08:51:00,49,1224,97,0
2025-11-17 08:52:00,67,900,95,0
2025-11-17 08:53:00,87,690,99,0
2025-11-17 08:54:00,78,779,97,0
2025-11-17 08:55:00,65,930,96,0
2025-11-17 08:56:00,65,919,97,0
2025-11-17 08:57:00,54,1089,95,0
2025-11-17 08:58:00,67,897,99,0
2025-11-17 08:59:00,58,999,97,0
2025-11-17 09:00:00,76,814,96,0
2025-11-17 09:01:00,61,984,97,0
2025-11-17 09:02:00,79,776,98,0
2025-11-17 09:03:00,77,803,96,0
2025-11-17 09:04:00,67,918,97,0
2025-11-17 09:05:00,71,852,99,0
2025-11-17 09:06:00,65,934,96,0
2025-11-17 09:07:00,80,719,97,0
2025-11-17 09:08:00,70,847,96,0
2025-11-17 09:09:00,63,953,99,0
2025-11-17 09:10:00,81,741,98,0
2025-11-17 09:11:00,69,842,99,0
2025-11-17 09:12:00,79,780,98,0
2025-11-17 09:13:00,82,712,99,0
2025-11-17 09:14:00,68,895,97,0
2025-11-17 09:15:00,83,724,96,0
2025-11-17 09:16:00,66,925,96,0
2025-11-17 09:17:00,56,1063,99,0
2025-11-17 09:18:00,60,1008,99,0
2025-11-17 09:19:00,67,917,97,0
2025-11-17 09:20:00,73,831,96,0
2025-11-17 09:21:00,78,732,96,0
2025-11-17 09:22:00,62,966,97,0
2025-11-17 09:23:00,60,993,98,0
2025-11-17 09:24:00,68,870,99,0
2025-11-17 09:25:00,74,810,98,0
2025-11-17 09:26:00,81,735,97,0
2025-11-17 09:27:00,77,797,96,0
2025-11-17 09:28:00,71,851,98,0
2025-11-17 09:29:00,80,740,99,0
2025-11-17 09:30:00,48,1241,99,0
2025-11-17 09:31:00,77,780,95,0
2025-11-17 09:32:00,67,892,96,0
2025-11-17 09:33:00,69,857,97,0
2025-11-17 09:34:00,45,1344,97,0
2025-11-17 09:35:00,81,716,96,0
2025-11-17 09:36:00,95,619,95,0
2025-11-17 09:37:00,62,967,97,0
2025-11-17 09:38:00,80,766,98,0
2025-11-17 09:39:00,69,881,97,0
2025-11-17 09:40:00,81,719,95,0
2025-11-17 09:41:00,81,704,96,0
2025-11-17 09:42:00,70,865,98,0
2025-11-17 09:43:00,67,906,99,0
2025-11-17 09:44:00,79,774,98,0
2025-11-17 09:45:00,75,822,99,0
2025-11-17 09:46:00,71,850,99,0
2025-11-17 09:47:00,81,757,99,0
2025-11-17 09:48:00,59,1049,98,0
2025-11-17 09:49:00,77,776,96,0
2025-11-17 09:50:00,53,1099,95,0
2025-11-17 09:51:00,69,860,97,0
2025-11-17 09:52:00,54,1100,98,0
2025-11-17 09:53:00,63,968,97,0
2025-11-17 09:54:00,67,915,96,0
2025-11-17 09:55:00,78,752,96,0
2025-11-17 09:56:00,70,856,99,0
2025-11-17 09:57:00,80,746,96,0
2025-11-17 09:58:00,91,686,96,0
2025-11-17 09:59:00,61,962,97,0
2025-11-17 10:00:00,71,854,98,0
2025-11-17 10:01:00,76,774,98,0
2025-11-17 10:02:00,76,754,95,0
2025-11-17 10:03:00,58,1011,96,0
2025-11-17 10:04:00,61,981,98,0
2025-11-17 10:05:00,79,739,96,0
2025-11-17 10:06:00,74,788,99,0
2025-11-17 10:07:00,78,755,99,0
2025-11-17 10:08:00,60,1003,98,0
2025-11-17 10:09:00,64,916,97,0
2025-11-17 10:10:00,74,842,96,0
2025-11-17 10:11:00,73,804,95,0
2025-11-17 10:12:00,72,822,96,0
2025-11-17 10:13:00,69,869,96,0
2025-11-17 10:14:00,54,1107,96,0
2025-11-17 10:15:00,75,807,97,0
2025-11-17 10:16:00,60,1015,99,0
2025-11-17 10:17:00,75,808,96,0
2025-11-17 10:18:00,81,764,98,0
2025-11-17 10:19:00,51,1189,98,0
2025-11-17 10:20:00,88,688,99,0
2025-11-17 10:21:00,87,688,95,0
2025-11-17 10:22:00,53,1104,98,0
2025-11-17 10:23:00,55,1072,98,0
2025-11-17 10:24:00,68,882,95,0
2025-11-17 10:25:00,75,816,96,0
2025-11-17 10:26:00,63,949,99,0
2025-11-17 10:27:00,67,883,99,0
2025-11-17 10:28:00,64,906,96,0
2025-11-17 10:29:00,66,924,99,0
2025-11-17 10:30:00,65,928,96,0
2025-11-17 10:31:00,81,759,96,0
2025-11-17 10:32:00,54,1113,97,0
2025-11-17 10:33:00,77,780,97,0
2025-11-17 10:34:00,93,647,98,0
2025-11-17 10:35:00,64,949,97,0
2025-11-17 10:36:00,72,846,95,0
2025-11-17 10:37:00,82,712,97,0
2025-11-17 10:38:00,69,886,98,0
2025-11-17 10:39:00,73,804,99,0
2025-11-17 10:40:00,73,806,96,0
2025-11-17 10:41:00,94,647,99,0
2025-11-17 10:42:00,77,762,95,0
2025-11-17 10:43:00,69,891,97,0
2025-11-17 10:44:00,76,769,97,0
2025-11-17 10:45:00,81,739,95,0
2025-11-17 10:46:00,53,1137,97,0
2025-11-17 10:47:00,71,833,99,0
2025-11-17 10:48:00,64,943,98,0
2025-11-17 10:49:00,57,1065,95,0
2025-11-17 10:50:00,74,790,96,0
2025-11-17 10:51:00,70,843,98,0
2025-11-17 10:52:00,71,882,95,0
2025-11-17 10:53:00,65,916,95,0
2025-11-17 10:54:00,67,868,96,0
2025-11-17 10:55:00,78,778,99,0
2025-11-17 10:56:00,75,802,95,0
2025-11-17 10:57:00,58,993,95,0
2025-11-17 10:58:00,76,802,95,0
2025-11-17 10:59:00,62,937,98,0
2025-11-17 11:00:00,56,1083,95,0
2025-11-17 11:01:00,75,817,95,0
2025-11-17 11:02:00,71,889,97,0
2025-11-17 11:03:00,69,866,98,0
2025-11-17 11:04:00,83,720,96,0
2025-11-17 11:05:00,69,857,99,0
2025-11-17 11:06:00,51,1167,98,0
2025-11-17 11:07:00,63,936,98,0
2025-11-17 11:08:00,37,1576,98,0
2025-11-17 11:09:00,65,899,99,0
2025-11-17 11:10:00,65,894,96,0
2025-11-17 11:11:00,71,863,98,0
2025-11-17 11:12:00,76,776,95,0
2025-11-17 11:13:00,82,719,97,0
2025-11-17 11:14:00,87,670,96,0
2025-11-17 11:15:00,73,829,99,0
2025-11-17 11:16:00,63,963,99,0
2025-11-17 11:17:00,77,756,99,0
2025-11-17 11:18:00,65,933,95,0
2025-11-17 11:19:00,56,1070,95,0
2025-11-17 11:20:00,82,747,98,0
2025-11-17 11:21:00,49,1221,97,0
2025-11-17 11:22:00,70,856,96,0
2025-11-17 11:23:00,69,843,99,0
2025-11-17 11:24:00,84,722,98,0
2025-11-17 11:25:00,54,1089,98,0
2025-11-17 11:26:00,83,701,96,0
2025-11-17 11:27:00,62,970,99,0
2025-11-17 11:28:00,72,833,98,0
2025-11-17 11:29:00,66,901,99,0
2025-11-17 11:30:00,72,857,96,0
2025-11-17 11:31:00,79,794,98,0
2025-11-17 11:32:00,68,880,97,0
2025-11-17 11:33:00,83,685,95,0
2025-11-17 11:34:00,64,937,99,0
2025-11-17 11:35:00,69,869,99,0
2025-11-17 11:36:00,69,858,97,0
2025-11-17 11:37:00,70,843,99,0
2025-11-17 11:38:00,55,1057,99,0
2025-11-17 11:39:00,71,821,99,0
2025-11-17 11:40:00,75,790,96,0
2025-11-17 11:41:00,52,1153,97,0
2025-11-17 11:42:00,66,902,95,0
2025-11-17 11:43:00,70,857,96,0
2025-11-17 11:44:00,56,1106,99,0
2025-11-17 11:45:00,55,1078,97,0
2025-11-17 11:46:00,61,1009,99,0
2025-11-17 11:47:00,59,1013,95,0
2025-11-17 11:48:00,87,695,95,0
2025-11-17 11:49:00,68,884,99,0
2025-11-17 11:50:00,67,912,95,0
2025-11-17 11:51:00,56,1036,97,0
2025-11-17 11:52:00,59,1010,97,0
2025-11-17 11:53:00,76,802,98,0
2025-11-17 11:54:00,67,899,97,0
2025-11-17 11:55:00,61,973,95,0
2025-11-17 11:56:00,72,837,98,0
2025-11-17 11:57:00,60,1031,99,0
2025-11-17 11:58:00,70,892,97,0
2025-11-17 11:59:00,70,857,98,0
2025-11-17 12:00:00,79,748,95,0
2025-11-17 12:01:00,72,846,97,0
2025-11-17 12:02:00,66,908,97,0
2025-11-17 12:03:00,80,733,96,0
2025-11-17 12:04:00,70,838,97,0
2025-11-17 12:05:00,86,731,95,0
2025-11-17 12:06:00,74,803,98,0
2025-11-17 12:07:00,65,923,95,0
2025-11-17 12:08:00,56,1109,99,0
2025-11-17 12:09:00,90,690,95,0
2025-11-17 12:10:00,67,888,98,0
2025-11-17 12:11:00,85,698,96,0
2025-11-17 12:12:00,66,919,97,0
2025-11-17 12:13:00,71,864,97,0
2025-11-17 12:14:00,63,902,95,0
2025-11-17 12:15:00,68,891,97,0
2025-11-17 12:16:00,76,793,99,0
2025-11-17 12:17:00,71,800,95,0
2025-11-17 12:18:00,57,1075,99,0
2025-11-17 12:19:00,67,904,95,0
2025-11-17 12:20:00,69,881,95,0
2025-11-17 12:21:00,76,781,95,0
2025-11-17 12:22:00,76,812,95,0
2025-11-17 12:23:00,72,818,99,0
2025-11-17 12:24:00,69,893,96,0
2025-11-17 12:25:00,94,605,97,0
2025-11-17 12:26:00,52,1131,96,0
2025-11-17 12:27:00,77,824,98,0
2025-11-17 12:28:00,78,775,99,0
2025-11-17 12:29:00,64,949,97,0
2025-11-17 12:30:00,54,1112,97,0
2025-11-17 12:31:00,75,817,98,0
2025-11-17 12:32:00,79,758,98,0
2025-11-17 12:33:00,92,624,96,0
2025-11-17 12:34:00,70,857,98,0
2025-11-17 12:35:00,72,819,96,0
2025-11-17 12:36:00,56,1079,98,0
2025-11-17 12:37:00,59,986,96,0
2025-11-17 12:38:00,61,1010,97,0
2025-11-17 12:39:00,82,733,97,0
2025-11-17 12:40:00,79,753,98,0
2025-11-17 12:41:00,59,993,99,0
2025-11-17 12:42:00,60,1001,98,0
2025-11-17 12:43:00,67,896,97,0
2025-11-17 12:44:00,71,849,98,0
2025-11-17 12:45:00,72,826,99,0
2025-11-17 12:46:00,65,917,99,0
2025-11-17 12:47:00,70,902,99,0
2025-11-17 12:48:00,65,884,97,0
2025-11-17 12:49:00,62,985,99,0
2025-11-17 12:50:00,61,987,97,0
2025-11-17 12:51:00,81,729,96,0
2025-11-17 12:52:00,54,1097,97,0
2025-11-17 12:53:00,64,950,96,0
2025-11-17 12:54:00,60,1004,96,0
2025-11-17 12:55:00,70,831,95,0
2025-11-17 12:56:00,66,942,95,0
2025-11-17 12:57:00,68,912,95,0
2025-11-17 12:58:00,57,1050,98,0
2025-11-17 12:59:00,90,633,98,0
2025-11-17 13:00:00,70,840,95,0
2025-11-17 13:01:00,61,1008,97,0
2025-11-17 13:02:00,71,887,99,0
2025-11-17 13:03:00,88,690,99,0
2025-11-17 13:04:00,70,885,96,0
2025-11-17 13:05:00,78,790,95,0
2025-11-17 13:06:00,50,1198,97,0
2025-11-17 13:07:00,58,1071,98,0
2025-11-17 13:08:00,62,937,97,0
2025-11-17 13:09:00,66,938,97,0
2025-11-17 13:10:00,67,894,95,0
2025-11-17 13:11:00,72,818,98,0
2025-11-17 13:12:00,63,957,99,0
2025-11-17 13:13:00,81,748,99,0
2025-11-17 13:14:00,70,874,98,0
2025-11-17 13:15:00,44,1365,97,0
2025-11-17 13:16:00,49,1222,98,0
2025-11-17 13:17:00,79,754,95,0
2025-11-17 13:18:00,67,883,95,0
2025-11-17 13:19:00,74,842,99,0
2025-11-17 13:20:00,63,958,96,0
2025-11-17 13:21:00,74,798,98,0
2025-11-17 13:22:00,65,901,97,0
2025-11-17 13:23:00,73,824,96,0
2025-11-17 13:24:00,63,988,96,0
2025-11-17 13:25:00,60,1006,99,0
2025-11-17 13:26:00,56,1060,99,0
2025-11-17 13:27:00,78,756,97,0
2025-11-17 13:28:00,64,926,97,0
2025-11-17 13:29:00,65,922,97,0
2025-11-17 13:30:00,81,732,95,0
2025-11-17 13:31:00,52,1163,99,0
2025-11-17 13:32:00,69,863,98,0
2025-11-17 13:33:00,70,833,99,0
2025-11-17 13:34:00,62,965,97,0
2025-11-17 13:35:00,63,967,98,0
2025-11-17 13:36:00,70,907,99,0
2025-11-17 13:37:00,68,854,99,0
2025-11-17 13:38:00,60,989,97,0
2025-11-17 13:39:00,65,908,98,0
2025-11-17 13:40:00,74,860,95,0
2025-11-17 13:41:00,69,896,98,0
2025-11-17 13:42:00,67,900,98,0
2025-11-17 13:43:00,68,884,96,0
2025-11-17 13:44:00,60,1000,96,0
2025-11-17 13:45:00,82,731,97,0
2025-11-17 13:46:00,56,1095,97,0
2025-11-17 13:47:00,63,951,97,0
2025-11-17 13:48:00,73,832,99,0
2025-11-17 13:49:00,69,875,96,0
2025-11-17 13:50:00,46,1317,99,0
2025-11-17 13:51:00,59,984,98,0
2025-11-17 13:52:00,68,927,95,0
2025-11-17 13:53:00,76,782,99,0
2025-11-17 13:54:00,75,782,95,0
2025-11-17 13:55:00,41,1444,95,0
2025-11-17 13:56:00,77,783,98,0
2025-11-17 13:57:00,66,894,99,0
2025-11-17 13:58:00,67,880,98,0
2025-11-17 13:59:00,60,982,95,0
2025-11-17 14:00:00,72,847,99,0
2025-11-17 14:01:00,74,834,98,0
2025-11-17 14:02:00,62,941,97,0
2025-11-17 14:03:00,64,915,97,0
2025-11-17 14:04:00,62,982,98,0
2025-11-17 14:05:00,63,954,95,0
2025-11-17 14:06:00,82,731,96,0
2025-11-17 14:07:00,64,932,95,0
2025-11-17 14:08:00,63,935,98,0
2025-11-17 14:09:00,72,833,95,0
2025-11-17 14:10:00,62,926,95,0
2025-11-17 14:11:00,82,732,99,0
2025-11-17 14:12:00,79,772,97,0
2025-11-17 14:13:00,81,706,98,0
2025-11-17 14:14:00,70,876,96,0
2025-11-17 14:15:00,62,968,98,0
2025-11-17 14:16:00,62,986,96,0
2025-11-17 14:17:00,76,769,98,0
2025-11-17 14:18:00,71,852,96,0
2025-11-17 14:19:00,77,745,97,0
2025-11-17 14:20:00,69,882,99,0
2025-11-17 14:21:00,62,983,99,0
2025-11-17 14:22:00,68,903,99,0
2025-11-17 14:23:00,67,895,98,0
2025-11-17 14:24:00,62,948,97,0
2025-11-17 14:25:00,64,954,99,0
2025-11-17 14:26:00,73,827,96,0
2025-11-17 14:27:00,72,885,97,0
2025-11-17 14:28:00,73,822,99,0
2025-11-17 14:29:00,73,843,98,0
2025-11-17 14:30:00,65,898,99,0
2025-11-17 14:31:00,62,975,96,0
2025-11-17 14:32:00,44,1362,96,0
2025-11-17 14:33:00,67,902,96,0
2025-11-17 14:34:00,58,1040,95,0
2025-11-17 14:35:00,77,797,99,0
2025-11-17 14:36:00,54,1118,96,0
2025-11-17 14:37:00,66,896,95,0
2025-11-17 14:38:00,77,804,97,0
2025-11-17 14:39:00,54,1161,96,0
2025-11-17 14:40:00,84,731,97,0
2025-11-17 14:41:00,88,673,98,0
2025-11-17 14:42:00,61,941,99,0
2025-11-17 14:43:00,64,941,99,0
2025-11-17 14:44:00,77,792,98,0
2025-11-17 14:45:00,52,1164,99,0
2025-11-17 14:46:00,69,870,98,0
2025-11-17 14:47:00,88,692,98,0
2025-11-17 14:48:00,70,864,99,0
2025-11-17 14:49:00,76,792,97,0
2025-11-17 14:50:00,73,811,95,0
2025-11-17 14:51:00,62,937,98,0
2025-11-17 14:52:00,65,885,95,0
2025-11-17 14:53:00,75,800,97,0
2025-11-17 14:54:00,69,860,96,0
2025-11-17 14:55:00,74,811,98,0
2025-11-17 14:56:00,84,722,99,0
2025-11-17 14:57:00,63,925,98,0
2025-11-17 14:58:00,65,893,95,0
2025-11-17 14:59:00,75,750,99,0
2025-11-17 15:00:00,74,818,99,0
2025-11-17 15:01:00,69,867,97,0
2025-11-17 15:02:00,60,995,97,0
2025-11-17 15:03:00,68,872,99,0
2025-11-17 15:04:00,79,763,96,0
2025-11-17 15:05:00,68,853,99,0
2025-11-17 15:06:00,71,891,95,0
2025-11-17 15:07:00,69,886,98,0
2025-11-17 15:08:00,90,650,95,0
2025-11-17 15:09:00,44,1356,95,0
2025-11-17 15:10:00,83,715,99,0
2025-11-17 15:11:00,70,854,99,0
2025-11-17 15:12:00,65,919,99,0
2025-11-17 15:13:00,82,705,95,0
2025-11-17 15:14:00,78,763,96,0
2025-11-17 15:15:00,81,729,97,0
2025-11-17 15:16:00,70,850,97,0
2025-11-17 15:17:00,63,941,96,0
2025-11-17 15:18:00,69,878,99,0
2025-11-17 15:19:00,70,846,99,0
2025-11-17 15:20:00,74,822,99,0
2025-11-17 15:21:00,71,842,98,0
2025-11-17 15:22:00,60,957,96,0
2025-11-17 15:23:00,79,784,99,0
2025-11-17 15:24:00,42,1410,95,0
2025-11-17 15:25:00,75,835,98,0
2025-11-17 15:26:00,66,922,99,0
2025-11-17 15:27:00,72,846,98,0
2025-11-17 15:28:00,66,893,95,0
2025-11-17 15:29:00,71,821,96,0
2025-11-17 15:30:00,65,889,97,0
2025-11-17 15:31:00,66,882,95,0
2025-11-17 15:32:00,69,898,95,0
2025-11-17 15:33:00,69,881,96,0
2025-11-17 15:34:00,66,877,95,0
2025-11-17 15:35:00,49,1203,95,0
2025-11-17 15:36:00,69,867,96,0
2025-11-17 15:37:00,72,839,99,0
2025-11-17 15:38:00,83,768,96,0
2025-11-17 15:39:00,88,676,97,0
2025-11-17 15:40:00,66,882,98,0
2025-11-17 15:41:00,66,937,96,0
2025-11-17 15:42:00,75,784,98,0
2025-11-17 15:43:00,85,698,95,0
2025-11-17 15:44:00,73,826,96,0
2025-11-17 15:45:00,56,1097,97,0
2025-11-17 15:46:00,58,1023,97,0
2025-11-17 15:47:00,76,776,97,0
2025-11-17 15:48:00,81,724,96,0
2025-11-17 15:49:00,64,923,97,0
2025-11-17 15:50:00,62,988,97,0
2025-11-17 15:51:00,80,761,95,0
2025-11-17 15:52:00,69,851,95,0
2025-11-17 15:53:00,67,887,97,0
2025-11-17 15:54:00,57,1074,96,0
2025-11-17 15:55:00,76,797,99,0
2025-11-17 15:56:00,96,637,95,0
2025-11-17 15:57:00,80,773,98,0
2025-11-17 15:58:00,55,1097,99,0
2025-11-17 15:59:00,63,951,95,0
2025-11-17 16:00:00,53,1096,99,0
2025-11-17 16:01:00,74,805,99,0
2025-11-17 16:02:00,58,1055,99,0
2025-11-17 16:03:00,77,795,95,0
2025-11-17 16:04:00,74,794,97,0
2025-11-17 16:05:00,82,702,97,0
2025-11-17 16:06:00,55,1056,98,0
2025-11-17 16:07:00,61,974,98,0
2025-11-17 16:08:00,70,847,95,0
2025-11-17 16:09:00,82,749,97,0
2025-11-17 16:10:00,79,760,97,0
2025-11-17 16:11:00,54,1111,96,0
2025-11-17 16:12:00,59,1028,97,0
2025-11-17 16:13:00,73,823,97,0
2025-11-17 16:14:00,65,925,99,0
2025-11-17 16:15:00,65,925,98,0
2025-11-17 16:16:00,54,1147,96,0
2025-11-17 16:17:00,68,917,96,0
2025-11-17 16:18:00,73,822,99,0
2025-11-17 16:19:00,87,666,95,0
2025-11-17 16:20:00,81,725,99,0
2025-11-17 16:21:00,76,775,95,0
2025-11-17 16:22:00,69,862,98,0
2025-11-17 16:23:00,89,692,99,0
2025-11-17 16:24:00,59,1021,98,0
2025-11-17 16:25:00,75,771,95,0
2025-11-17 16:26:00,82,740,97,0
2025-11-17 16:27:00,69,869,98,0
2025-11-17 16:28:00,65,911,99,0
2025-11-17 16:29:00,63,933,99,0
2025-11-17 16:30:00,77,755,98,0
2025-11-17 16:31:00,85,708,95,0
2025-11-17 16:32:00,50,1200,95,0
2025-11-17 16:33:00,81,737,98,0
2025-11-17 16:34:00,70,876,95,0
2025-11-17 16:35:00,76,764,98,0
2025-11-17 16:36:00,66,895,98,0
2025-11-17 16:37:00,78,767,97,0
2025-11-17 16:38:00,74,782,95,0
2025-11-17 16:39:00,77,814,96,0
2025-11-17 16:40:00,81,724,96,0
2025-11-17 16:41:00,60,1017,98,0
2025-11-17 16:42:00,74,790,98,0
2025-11-17 16:43:00,77,783,98,0
2025-11-17 16:44:00,70,859,96,0
2025-11-17 16:45:00,58,1027,97,0
2025-11-17 16:46:00,74,797,96,0
2025-11-17 16:47:00,63,922,98,0
2025-11-17 16:48:00,74,791,97,0
2025-11-17 16:49:00,83,719,95,0
2025-11-17 16:50:00,62,984,97,0
2025-11-17 16:51:00,66,922,97,0
2025-11-17 16:52:00,55,1083,99,0
2025-11-17 16:53:00,89,649,98,0
2025-11-17 16:54:00,54,1144,96,0
2025-11-17 16:55:00,59,1017,98,0
2025-11-17 16:56:00,59,1053,96,0
2025-11-17 16:57:00,59,996,95,0
2025-11-17 16:58:00,61,968,98,0
2025-11-17 16:59:00,64,931,98,0
2025-11-17 17:00:00,66,929,95,0
2025-11-17 17:01:00,63,965,98,0
2025-11-17 17:02:00,78,778,95,0
2025-11-17 17:03:00,81,735,96,0
2025-11-17 17:04:00,68,914,95,0
2025-11-17 17:05:00,78,784,96,0
2025-11-17 17:06:00,61,951,95,0
2025-11-17 17:07:00,72,811,97,0
2025-11-17 17:08:00,67,897,95,0
2025-11-17 17:09:00,82,728,95,0
2025-11-17 17:10:00,76,786,99,0
2025-11-17 17:11:00,81,746,99,0
2025-11-17 17:12:00,71,818,95,0
2025-11-17 17:13:00,93,644,98,0
2025-11-17 17:14:00,87,654,97,0
2025-11-17 17:15:00,70,857,98,0
2025-11-17 17:16:00,64,912,96,0
2025-11-17 17:17:00,60,968,96,0
2025-11-17 17:18:00,69,844,95,0
2025-11-17 17:19:00,78,790,95,0
2025-11-17 17:20:00,87,692,99,0
2025-11-17 17:21:00,63,937,95,0
2025-11-17 17:22:00,69,914,98,0
2025-11-17 17:23:00,75,811,97,0
2025-11-17 17:24:00,81,714,99,0
2025-11-17 17:25:00,80,733,95,0
2025-11-17 17:26:00,86,716,95,0
2025-11-17 17:27:00,60,1021,98,0
2025-11-17 17:28:00,88,668,95,0
2025-11-17 17:29:00,81,730,98,0
2025-11-17 17:30:00,59,1001,98,0
2025-11-17 17:31:00,71,851,99,0
2025-11-17 17:32:00,76,789,95,0
2025-11-17 17:33:00,77,794,99,0
2025-11-17 17:34:00,76,776,96,0
2025-11-17 17:35:00,80,704,95,0
2025-11-17 17:36:00,66,909,98,0
2025-11-17 17:37:00,66,933,98,0
2025-11-17 17:38:00,69,883,99,0
2025-11-17 17:39:00,72,821,95,0
2025-11-17 17:40:00,69,858,95,0
2025-11-17 17:41:00,81,689,95,0
2025-11-17 17:42:00,73,793,96,0
2025-11-17 17:43:00,63,957,97,0
2025-11-17 17:44:00,79,769,95,0
2025-11-17 17:45:00,70,868,99,0
2025-11-17 17:46:00,66,955,96,0
2025-11-17 17:47:00,84,676,98,0
2025-11-17 17:48:00,70,864,95,0
2025-11-17 17:49:00,69,858,97,0
2025-11-17 17:50:00,69,869,96,0
2025-11-17 17:51:00,78,757,98,0
2025-11-17 17:52:00,70,837,97,0
2025-11-17 17:53:00,67,876,95,0
2025-11-17 17:54:00,79,746,98,0
2025-11-17 17:55:00,68,867,96,0
2025-11-17 17:56:00,68,852,99,0
2025-11-17 17:57:00,56,1070,95,0
2025-11-17 17:58:00,88,681,95,0
2025-11-17 17:59:00,81,714,95,0
2025-11-17 18:00:00,49,1193,98,0
2025-11-17 18:01:00,73,835,95,0
2025-11-17 18:02:00,70,856,95,0
2025-11-17 18:03:00,63,915,99,0
2025-11-17 18:04:00,63,955,99,0
2025-11-17 18:05:00,71,851,97,0
2025-11-17 18:06:00,64,956,97,0
2025-11-17 18:07:00,72,834,98,0
2025-11-17 18:08:00,67,910,96,0
2025-11-17 18:09:00,83,737,96,0
2025-11-17 18:10:00,70,845,99,0
2025-11-17 18:11:00,56,1107,98,0
2025-11-17 18:12:00,57,1098,97,0
2025-11-17 18:13:00,70,865,97,0
2025-11-17 18:14:00,63,946,95,0
2025-11-17 18:15:00,75,831,96,0
2025-11-17 18:16:00,86,713,98,0
2025-11-17 18:17:00,54,1134,95,0
2025-11-17 18:18:00,66,928,96,0
2025-11-17 18:19:00,78,744,99,0
2025-11-17 18:20:00,69,867,95,0
2025-11-17 18:21:00,66,898,95,0
2025-11-17 18:22:00,88,673,95,0
2025-11-17 18:23:00,67,910,96,0
2025-11-17 18:24:00,77,771,96,0
2025-11-17 18:25:00,81,755,96,0
2025-11-17 18:26:00,54,1111,97,0
2025-11-17 18:27:00,87,662,99,0
2025-11-17 18:28:00,74,802,96,0
2025-11-17 18:29:00,66,925,96,0
2025-11-17 18:30:00,62,971,95,0
2025-11-17 18:31:00,76,841,95,0
2025-11-17 18:32:00,85,698,99,0
2025-11-17 18:33:00,66,897,96,0
2025-11-17 18:34:00,81,783,99,0
2025-11-17 18:35:00,50,1217,96,0
2025-11-17 18:36:00,74,788,96,0
2025-11-17 18:37:00,88,675,98,0
2025-11-17 18:38:00,64,918,95,0
2025-11-17 18:39:00,65,915,95,0
2025-11-17 18:40:00,72,822,97,0
2025-11-17 18:41:00,63,949,99,0
2025-11-17 18:42:00,65,922,98,0
2025-11-17 18:43:00,91,659,96,0
2025-11-17 18:44:00,72,841,98,0
2025-11-17 18:45:00,66,905,97,0
2025-11-17 18:46:00,70,828,99,0
2025-11-17 18:47:00,73,860,97,0
2025-11-17 18:48:00,61,981,96,0
2025-11-17 18:49:00,57,1043,96,0
2025-11-17 18:50:00,69,879,97,0
2025-11-17 18:51:00,64,918,95,0
2025-11-17 18:52:00,55,1073,95,0
2025-11-17 18:53:00,74,799,96,0
2025-11-17 18:54:00,84,708,95,0
2025-11-17 18:55:00,57,1085,95,0
2025-11-17 18:56:00,54,1148,96,0
2025-11-17 18:57:00,81,730,99,0
2025-11-17 18:58:00,63,951,95,0
2025-11-17 18:59:00,60,1018,98,0
2025-11-17 19:00:00,68,909,95,0
2025-11-17 19:01:00,69,875,99,0
2025-11-17 19:02:00,70,898,97,0
2025-11-17 19:03:00,59,1013,96,0
2025-11-17 19:04:00,65,933,99,0
2025-11-17 19:05:00,65,931,95,0
2025-11-17 19:06:00,92,656,95,0
2025-11-17 19:07:00,73,832,99,0
2025-11-17 19:08:00,59,997,97,0
2025-11-17 19:09:00,81,723,97,0
2025-11-17 19:10:00,73,796,98,0
2025-11-17 19:11:00,91,609,98,0
2025-11-17 19:12:00,59,1046,95,0
2025-11-17 19:13:00,79,734,96,0
2025-11-17 19:14:00,70,844,96,0
2025-11-17 19:15:00,70,859,98,0
2025-11-17 19:16:00,60,1042,96,0
2025-11-17 19:17:00,69,859,97,0
2025-11-17 19:18:00,47,1266,98,0
2025-11-17 19:19:00,80,772,95,0
2025-11-17 19:20:00,60,972,99,0
2025-11-17 19:21:00,69,868,98,0
2025-11-17 19:22:00,70,872,98,0
2025-11-17 19:23:00,70,838,99,0
2025-11-17 19:24:00,71,827,99,0
2025-11-17 19:25:00,69,875,98,0
2025-11-17 19:26:00,60,975,98,0
2025-11-17 19:27:00,51,1185,96,0
2025-11-17 19:28:00,64,938,96,0
2025-11-17 19:29:00,81,750,95,0
2025-11-17 19:30:00,60,991,99,0
2025-11-17 19:31:00,70,853,99,0
2025-11-17 19:32:00,81,735,97,0
2025-11-17 19:33:00,60,984,96,0
2025-11-17 19:34:00,72,823,95,0
2025-11-17 19:35:00,71,866,98,0
2025-11-17 19:36:00,67,910,98,0
2025-11-17 19:37:00,80,769,97,0
2025-11-17 19:38:00,65,902,96,0
2025-11-17 19:39:00,73,869,97,0
2025-11-17 19:40:00,66,862,98,0
2025-11-17 19:41:00,56,1068,99,0
2025-11-17 19:42:00,86,687,95,0
2025-11-17 19:43:00,68,891,95,0
2025-11-17 19:44:00,62,937,98,0
2025-11-17 19:45:00,54,1123,99,0
2025-11-17 19:46:00,75,789,96,0
2025-11-17 19:47:00,62,950,96,0
2025-11-17 19:48:00,80,761,97,0
2025-11-17 19:49:00,59,1024,99,0
2025-11-17 19:50:00,72,819,99,0
2025-11-17 19:51:00,64,934,99,0
2025-11-17 19:52:00,62,939,97,0
2025-11-17 19:53:00,67,929,96,0
2025-11-17 19:54:00,76,796,99,0
2025-11-17 19:55:00,82,741,96,0
2025-11-17 19:56:00,75,779,98,0
2025-11-17 19:57:00,52,1169,98,0
2025-11-17 19:58:00,87,684,96,0
2025-11-17 19:59:00,76,784,99,0
2025-11-17 20:00:00,84,743,99,0
2025-11-17 20:01:00,78,752,98,0
2025-11-17 20:02:00,69,890,99,0
2025-11-17 20:03:00,64,947,99,0
2025-11-17 20:04:00,63,943,96,0
2025-11-17 20:05:00,53,1112,95,0
2025-11-17 20:06:00,73,818,98,0
2025-11-17 20:07:00,53,1088,98,0
2025-11-17 20:08:00,79,718,96,0
2025-11-17 20:09:00,65,910,99,0
2025-11-17 20:10:00,65,912,97,0
2025-11-17 20:11:00,66,900,95,0
2025-11-17 20:12:00,67,930,97,0
2025-11-17 20:13:00,66,913,98,0
2025-11-17 20:14:00,78,721,97,0
2025-11-17 20:15:00,69,822,95,0
2025-11-17 20:16:00,76,784,99,0
2025-11-17 20:17:00,56,1076,97,0
2025-11-17 20:18:00,67,898,99,0
2025-11-17 20:19:00,57,1057,99,0
2025-11-17 20:20:00,72,830,98,0
2025-11-17 20:21:00,82,751,96,0
2025-11-17 20:22:00,66,875,97,0
2025-11-17 20:23:00,78,781,96,0
2025-11-17 20:24:00,71,837,96,0
2025-11-17 20:25:00,83,719,97,0
2025-11-17 20:26:00,60,978,97,0
2025-11-17 20:27:00,69,889,95,0
2025-11-17 20:28:00,64,960,99,0
2025-11-17 20:29:00,67,919,97,0
2025-11-17 20:30:00,55,1086,99,0
2025-11-17 20:31:00,71,886,99,0
2025-11-17 20:32:00,66,906,95,0
2025-11-17 20:33:00,71,860,99,0
2025-11-17 20:34:00,59,1051,98,0
2025-11-17 20:35:00,79,794,96,0
2025-11-17 20:36:00,66,908,99,0
2025-11-17 20:37:00,73,813,99,0
2025-11-17 20:38:00,74,777,95,0
2025-11-17 20:39:00,68,880,99,0
2025-11-17 20:40:00,83,700,99,0
2025-11-17 20:41:00,53,1099,97,0
2025-11-17 20:42:00,82,734,97,0
2025-11-17 20:43:00,71,814,95,0
2025-11-17 20:44:00,81,737,95,0
2025-11-17 20:45:00,77,772,99,0
2025-11-17 20:46:00,73,821,96,0
2025-11-17 20:47:00,76,773,95,0
2025-11-17 20:48:00,74,795,99,0
2025-11-17 20:49:00,64,930,95,0
2025-11-17 20:50:00,63,935,99,0
2025-11-17 20:51:00,62,988,98,0
2025-11-17 20:52:00,63,970,97,0
2025-11-17 20:53:00,60,1008,95,0
2025-11-17 20:54:00,61,992,99,0
2025-11-17 20:55:00,78,762,96,0
2025-11-17 20:56:00,60,1032,98,0
2025-11-17 20:57:00,47,1284,96,0
2025-11-17 20:58:00,93,670,96,0
2025-11-17 20:59:00,63,932,98,0
2025-11-17 21:00:00,62,967,99,0
2025-11-17 21:01:00,79,779,95,0
2025-11-17 21:02:00,75,809,97,0
2025-11-17 21:03:00,78,728,95,0
2025-11-17 21:04:00,79,758,96,0
2025-11-17 21:05:00,70,823,97,0
2025-11-17 21:06:00,59,994,99,0
2025-11-17 21:07:00,71,856,95,0
2025-11-17 21:08:00,83,741,98,0
2025-11-17 21:09:00,57,1059,95,0
2025-11-17 21:10:00,79,722,98,0
2025-11-17 21:11:00,64,916,98,0
2025-11-17 21:12:00,69,892,96,0
2025-11-17 21:13:00,79,744,95,0
2025-11-17 21:14:00,66,913,95,0
2025-11-17 21:15:00,70,845,95,0
2025-11-17 21:16:00,80,733,96,0
2025-11-17 21:17:00,63,956,98,0
2025-11-17 21:18:00,80,754,96,0
2025-11-17 21:19:00,94,658,98,0
2025-11-17 21:20:00,64,926,96,0
2025-11-17 21:21:00,72,837,96,0
2025-11-17 21:22:00,98,603,95,0
2025-11-17 21:23:00,71,860,99,0
2025-11-17 21:24:00,57,1027,95,0
2025-11-17 21:25:00,85,707,96,0
2025-11-17 21:26:00,43,1366,97,0
2025-11-17 21:27:00,49,1269,97,0
2025-11-17 21:28:00,85,686,99,0
2025-11-17 21:29:00,77,803,96,0
2025-11-17 21:30:00,62,967,98,0
2025-11-17 21:31:00,85,676,99,0
2025-11-17 21:32:00,65,951,95,0
2025-11-17 21:33:00,79,726,98,0
2025-11-17 21:34:00,80,746,97,0
2025-11-17 21:35:00,69,851,96,0
2025-11-17 21:36:00,77,797,98,0
2025-11-17 21:37:00,68,881,99,0
2025-11-17 21:38:00,69,900,99,0
2025-11-17 21:39:00,56,1090,97,0
2025-11-17 21:40:00,76,786,96,0
2025-11-17 21:41:00,78,736,95,0
2025-11-17 21:42:00,62,972,97,0
2025-11-17 21:43:00,61,964,99,0
2025-11-17 21:44:00,75,837,96,0
2025-11-17 21:45:00,57,1055,96,0
2025-11-17 21:46:00,65,954,99,0
2025-11-17 21:47:00,72,834,97,0
2025-11-17 21:48:00,72,828,96,0
2025-11-17 21:49:00,65,933,98,0
2025-11-17 21:50:00,66,905,97,0
2025-11-17 21:51:00,75,787,97,0
2025-11-17 21:52:00,48,1281,98,0
2025-11-17 21:53:00,67,899,95,0
2025-11-17 21:54:00,69,859,98,0
2025-11-17 21:55:00,86,699,95,0
2025-11-17 21:56:00,72,842,96,0
2025-11-17 21:57:00,71,843,97,0
2025-11-17 21:58:00,77,766,95,0
2025-11-17 21:59:00,63,963,99,0
2025-11-17 22:00:00,70,849,96,1
2025-11-17 22:01:00,63,957,97,1
2025-11-17 22:02:00,51,1165,96,1
2025-11-17 22:03:00,66,896,98,1
2025-11-17 22:04:00,48,1255,98,2
2025-11-17 22:05:00,69,904,95,2
2025-11-17 22:06:00,69,853,98,1
2025-11-17 22:07:00,87,705,99,3
2025-11-17 22:08:00,65,922,99,1
2025-11-17 22:09:00,67,898,95,2
2025-11-17 22:10:00,46,1279,97,1
2025-11-17 22:11:00,62,994,98,2
2025-11-17 22:12:00,62,964,99,1
2025-11-17 22:13:00,72,848,98,1
2025-11-17 22:14:00,67,912,98,2
2025-11-17 22:15:00,67,893,99,3
2025-11-17 22:16:00,85,709,95,1
2025-11-17 22:17:00,71,893,98,1
2025-11-17 22:18:00,59,1017,96,3
2025-11-17 22:19:00,74,818,98,1
2025-11-17 22:20:00,69,883,96,3
2025-11-17 22:21:00,57,1072,98,1
2025-11-17 22:22:00,85,702,98,1
2025-11-17 22:23:00,58,1032,95,1
2025-11-17 22:24:00,66,878,97,3
2025-11-17 22:25:00,87,708,99,3
2025-11-17 22:26:00,61,1026,99,1
2025-11-17 22:27:00,81,749,95,1
2025-11-17 22:28:00,69,876,95,1
2025-11-17 22:29:00,61,993,97,3
2025-11-17 22:30:00,78,751,97,2
2025-11-17 22:31:00,85,676,99,2
2025-11-17 22:32:00,75,754,96,1
2025-11-17 22:33:00,79,780,97,1
2025-11-17 22:34:00,59,1021,97,1
2025-11-17 22:35:00,66,922,95,1
2025-11-17 22:36:00,69,893,95,1
2025-11-17 22:37:00,69,880,97,1
2025-11-17 22:38:00,74,801,95,1
2025-11-17 22:39:00,76,757,98,1
2025-11-17 22:40:00,74,819,99,2
2025-11-17 22:41:00,61,975,98,1
2025-11-17 22:42:00,80,769,96,1
2025-11-17 22:43:00,71,868,98,1
2025-11-17 22:44:00,53,1095,99,1
2025-11-17 22:45:00,80,783,97,2
2025-11-17 22:46:00,62,998,95,1
2025-11-17 22:47:00,72,851,96,2
2025-11-17 22:48:00,64,939,97,2
2025-11-17 22:49:00,63,929,96,1
2025-11-17 22:50:00,90,672,99,1
2025-11-17 22:51:00,66,901,99,2
2025-11-17 22:52:00,45,1311,99,1
2025-11-17 22:53:00,73,803,97,1
2025-11-17 22:54:00,70,869,98,1
2025-11-17 22:55:00,61,1001,96,2
2025-11-17 22:56:00,68,857,98,2
2025-11-17 22:57:00,52,1116,95,1
2025-11-17 22:58:00,68,884,96,3
2025-11-17 22:59:00,80,756,96,1
2025-11-17 23:00:00,72,837,99,1
2025-11-17 23:01:00,68,855,96,1
2025-11-17 23:02:00,80,736,95,1
2025-11-17 23:03:00,68,885,95,1
2025-11-17 23:04:00,66,929,95,1
2025-11-17 23:05:00,77,798,97,1
2025-11-17 23:06:00,78,788,99,2
2025-11-17 23:07:00,55,1118,97,1
2025-11-17 23:08:00,67,909,96,1
2025-11-17 23:09:00,75,803,99,1
2025-11-17 23:10:00,74,812,99,3
2025-11-17 23:11:00,52,1144,97,1
2025-11-17 23:12:00,59,1005,96,3
2025-11-17 23:13:00,79,765,95,3
2025-11-17 23:14:00,75,784,98,1
2025-11-17 23:15:00,65,946,95,2
2025-11-17 23:16:00,75,791,96,1
2025-11-17 23:17:00,64,907,97,1
2025-11-17 23:18:00,62,1002,99,2
2025-11-17 23:19:00,63,902,97,1
2025-11-17 23:20:00,71,886,95,2
2025-11-17 23:21:00,59,1020,98,1
2025-11-17 23:22:00,91,660,95,2
2025-11-17 23:23:00,85,692,95,1
2025-11-17 23:24:00,83,716,98,3
2025-11-17 23:25:00,55,1105,96,2
2025-11-17 23:26:00,59,987,97,3
2025-11-17 23:27:00,34,1758,97,1
2025-11-17 23:28:00,76,825,99,3
2025-11-17 23:29:00,69,874,99,2
2025-11-17 23:30:00,67,872,98,1
2025-11-17 23:31:00,66,908,97,2
2025-11-17 23:32:00,69,868,97,3
2025-11-17 23:33:00,52,1155,95,1
2025-11-17 23:34:00,65,901,96,2
2025-11-17 23:35:00,70,849,95,1
2025-11-17 23:36:00,45,1325,96,2
2025-11-17 23:37:00,82,736,98,1
2025-11-17 23:38:00,76,794,95,1
2025-11-17 23:39:00,64,916,98,1
2025-11-17 23:40:00,57,1072,96,2
2025-11-17 23:41:00,59,1026,98,1
2025-11-17 23:42:00,72,826,95,1
2025-11-17 23:43:00,59,990,96,2
2025-11-17 23:44:00,73,825,97,1
2025-11-17 23:45:00,64,946,95,1
2025-11-17 23:46:00,51,1173,95,1
2025-11-17 23:47:00,66,898,95,1
2025-11-17 23:48:00,83,716,96,1
2025-11-17 23:49:00,61,1000,95,3
2025-11-17 23:50:00,78,730,96,2
2025-11-17 23:51:00,81,663,99,1
2025-11-17 23:52:00,60,991,95,1
2025-11-17 23:53:00,82,717,96,1
2025-11-17 23:54:00,77,795,95,2
2025-11-17 23:55:00,57,1068,96,1
2025-11-17 23:56:00,69,863,95,2
2025-11-17 23:57:00,68,885,99,2
2025-11-17 23:58:00,78,751,98,1
2025-11-17 23:59:00,75,800,99,1
